assists,birth_date,bonus,bps,can_select,can_transact,chance_of_playing_next_round,chance_of_playing_this_round,clean_sheets,clean_sheets_per_90,code,corners_and_indirect_freekicks_order,corners_and_indirect_freekicks_text,cost_change_event,cost_change_event_fall,cost_change_start,cost_change_start_fall,creativity,creativity_rank,creativity_rank_type,defensive_contribution,direct_freekicks_order,direct_freekicks_text,dreamteam_count,element_type,ep_next,ep_this,event_points,expected_assists,expected_assists_per_90,expected_goal_involvements,expected_goal_involvements_per_90,expected_goals,expected_goals_conceded,expected_goals_conceded_per_90,expected_goals_per_90,first_name,form,form_rank,form_rank_type,goals_conceded,goals_conceded_per_90,goals_scored,has_temporary_code,ict_index,ict_index_rank,ict_index_rank_type,id,in_dreamteam,influence,influence_rank,influence_rank_type,minutes,news,news_added,now_cost,now_cost_rank,now_cost_rank_type,opta_code,own_goals,penalties_missed,penalties_order,penalties_saved,penalties_text,photo,points_per_game,points_per_game_rank,points_per_game_rank_type,red_cards,region,removed,saves,saves_per_90,second_name,selected_by_percent,selected_rank,selected_rank_type,special,squad_number,starts,starts_per_90,status,team,team_code,team_join_date,threat,threat_rank,threat_rank_type,total_points,transfers_in,transfers_in_event,transfers_out,transfers_out_event,value_form,value_season,web_name,yellow_cards
0,1995-09-15,10,555,True,True,None,None,13,0.34,154561,None,,0,0,0,0,10.7,342,11,0,None,,0,1,4.5,None,0,0.03,0.0,0.03,0.0,0.00,35.03,0.92,0.0,David,0.0,471,74,34,0.89,0,False,76.7,178,8,1,False,755.4,37,8,3420,,None,55,124,4,p154561,0,0,None,0,,154561.jpg,3.7,68,11,0,200,False,86,2.26,Raya Martín,18.4,17,2,False,None,38,1.0,a,1,3,2024-07-04,0.0,630,74,142,0,0,0,0,0.0,25.8,Raya,3
0,1994-10-03,7,406,True,True,None,None,8,0.26,109745,None,,0,0,0,0,10.4,344,12,0,None,,0,1,2.8,None,0,0.03,0.0,0.09,0.0,0.06,38.83,1.25,0.0,Kepa,0.0,142,49,39,1.26,0,False,75.8,183,9,2,False,744.4,38,9,2790,,None,45,363,21,p109745,0,0,None,0,,109745.jpg,3.4,94,16,0,200,False,97,3.13,Arrizabalaga Revuelta,1.0,192,28,False,None,31,1.0,a,1,3,2025-07-01,4.0,333,1,106,0,0,0,0,0.0,23.6,Arrizabalaga,3
0,2002-04-13,0,0,True,True,None,None,0,0,463748,None,,0,0,0,0,0.0,425,44,0,None,,0,1,1.5,None,0,0.00,0,0.00,0,0.00,0.00,0,0,Karl,0.0,56,27,0,0,0,False,0.0,435,53,3,False,0.0,435,53,0,,None,40,596,58,p463748,0,0,None,0,,463748.jpg,0.0,438,53,0,67,False,0,0,Hein,0.7,226,31,False,None,0,0,a,1,3,2020-10-28,0.0,394,29,0,0,0,0,0,0.0,0.0,Hein,0
0,2006-03-13,0,0,True,True,None,None,0,0,551221,None,,0,0,0,0,0.0,460,55,0,None,,0,1,1.5,None,0,0.00,0,0.00,0,0.00,0.00,0,0,Tommy,0.0,99,40,0,0,0,False,0.0,469,64,4,False,0.0,469,64,0,,None,40,639,71,p551221,0,0,None,0,,551221.jpg,0.0,472,64,0,241,False,0,0,Setford,0.2,440,58,False,None,0,0,a,1,3,2024-07-24,0.0,434,42,0,0,0,0,0,0.0,0.0,Setford,0
2,1997-12-19,9,459,True,True,None,None,10,0.38,226597,None,,0,0,0,0,208.8,167,36,0,None,,0,2,4.5,None,0,1.21,0.05,3.91,0.15,2.70,23.09,0.88,0.1,Gabriel,0.0,573,217,22,0.84,3,False,108.2,121,31,5,False,584.6,96,32,2363,,None,60,95,5,p226597,0,0,None,0,,226597.jpg,4.2,32,1,0,30,False,0,0.0,dos Santos Magalhães,26.8,11,4,False,None,28,1.07,a,1,3,2020-09-01,287.0,107,12,117,0,0,0,0,0.0,19.5,Gabriel,4
0,2001-03-24,14,564,True,True,None,None,12,0.36,462424,None,,0,0,0,0,150.1,203,55,0,None,,0,2,4.5,None,0,1.28,0.04,3.70,0.11,2.42,30.32,0.9,0.07,William,0.0,578,219,29,0.86,2,False,94.2,139,36,6,False,672.6,59,21,3039,,None,60,100,7,p462424,0,0,None,0,,462424.jpg,3.7,70,11,1,73,False,0,0.0,Saliba,13.2,32,12,False,None,35,1.04,a,1,3,2019-07-25,116.0,209,62,130,0,0,0,0,0.0,21.7,Saliba,2
1,2002-05-19,1,142,True,True,None,None,1,0.09,466075,None,,0,0,0,0,118.2,221,65,0,None,,0,2,3.8,None,0,0.69,0.06,1.55,0.14,0.86,10.28,0.95,0.08,Riccardo,0.0,522,206,12,1.1,2,False,54.6,230,68,7,False,252.6,222,80,978,,None,55,175,25,p466075,0,0,None,0,,466075.jpg,2.1,236,83,0,106,False,0,0.0,Calafiori,0.6,242,84,False,None,11,1.01,a,1,3,2024-07-29,176.0,167,35,39,0,0,0,0,0.0,7.1,Calafiori,4
3,2001-06-17,9,426,True,True,None,None,11,0.41,445122,None,,0,0,0,0,296.8,123,24,0,None,,0,2,3.8,None,0,1.30,0.05,2.53,0.1,1.23,21.09,0.79,0.05,Jurriën,0.0,518,204,21,0.78,1,False,94.2,138,35,8,False,393.0,162,56,2415,,None,55,171,23,p445122,0,0,None,0,,445122.jpg,3.8,59,6,0,152,False,0,0.0,Timber,2.6,110,35,False,None,27,1.01,a,1,3,2023-07-14,254.0,117,15,114,0,0,0,0,0.0,20.7,J.Timber,7
0,2000-02-15,2,178,True,True,None,None,3,0.24,440854,None,,0,0,0,0,91.3,244,82,0,None,,0,2,3.8,None,0,0.29,0.02,0.46,0.03,0.17,14.71,1.19,0.01,Jakub,0.0,513,202,15,1.21,1,False,39.2,261,88,9,False,267.2,214,77,1117,,None,55,166,21,p440854,0,0,None,0,,440854.jpg,2.5,187,65,0,172,False,0,0.0,Kiwior,0.1,526,199,False,None,10,0.81,a,1,3,2023-01-23,32.0,286,102,43,0,0,0,0,0.0,7.8,Kiwior,1
0,2006-09-26,0,237,True,True,None,None,5,0.33,499169,None,,0,0,0,0,170.7,193,49,0,None,,0,2,3.8,None,0,0.51,0.03,0.67,0.04,0.16,16.65,1.1,0.01,Myles,0.0,533,209,16,1.06,1,False,40.0,258,85,10,False,176.0,268,99,1362,,None,55,186,28,p499169,0,0,None,0,,499169.jpg,1.6,297,105,2,241,False,0,0.0,Lewis-Skelly,6.4,61,23,False,None,15,0.99,a,1,3,2022-12-04,57.0,257,90,37,0,0,0,0,0.0,6.7,Lewis-Skelly,3
2,1997-10-08,0,211,True,True,None,None,5,0.38,198869,None,,0,0,0,0,162.6,197,51,0,None,,0,2,3.8,None,0,1.30,0.1,1.76,0.13,0.46,16.88,1.27,0.03,Benjamin,0.0,481,196,13,0.98,0,False,51.0,237,72,11,False,247.6,225,82,1195,,None,55,134,15,p198869,0,0,None,0,,198869.jpg,2.9,142,41,0,241,False,0,0.0,White,0.7,214,74,False,None,13,0.98,a,1,3,2021-07-30,100.0,222,72,50,0,0,0,0,0.0,9.1,White,2
1,1996-12-15,2,141,True,True,None,None,4,0.69,206325,None,,0,0,0,0,92.8,243,81,0,None,,0,2,3.1,None,0,0.52,0.09,1.17,0.2,0.65,3.21,0.56,0.11,Oleksandr,0.0,361,168,1,0.17,0,False,24.1,294,105,12,False,83.4,312,115,518,,None,50,248,38,p206325,0,0,None,0,,206325.jpg,2.7,167,53,0,225,False,0,0.0,Zinchenko,0.3,350,138,False,None,5,0.87,a,1,3,2022-07-22,66.0,250,85,40,0,0,0,0,0.0,8.0,Zinchenko,1
0,None,0,0,True,True,None,None,0,0,563324,None,,0,0,0,0,0.0,463,188,0,None,,0,2,1.5,None,0,0.00,0,0.00,0,0.00,0.00,0,0,Brayden,0.0,102,62,0,0,0,False,0.0,472,189,13,False,0.0,472,189,0,,None,40,642,203,p563324,0,0,None,0,,563324.jpg,0.0,475,189,0,None,False,0,0,Clarke,0.7,212,73,False,None,0,0,a,1,3,None,0.0,437,184,0,0,0,0,0,0.0,0.0,Clarke,0
0,None,0,0,True,True,None,None,0,0,588793,None,,0,0,0,0,0.0,469,191,0,None,,0,2,1.5,None,0,0.00,0,0.00,0,0.00,0.00,0,0,Maldini,0.0,112,69,0,0,0,False,0.0,478,192,14,False,0.0,478,192,0,,None,40,652,210,p588793,0,0,None,0,,588793.jpg,0.0,481,192,0,None,False,0,0,Kacurri,0.3,354,139,False,None,0,0,a,1,3,None,0.0,445,189,0,0,0,0,0,0.0,0.0,Kacurri,0
0,2006-07-26,0,0,True,True,None,None,0,0,499167,None,,0,0,0,0,0.0,443,172,0,None,,0,2,1.5,None,0,0.00,0,0.00,0,0.00,0.00,0,0,Josh,0.0,77,42,0,0,0,False,0.0,453,174,15,False,0.0,453,174,0,,None,40,617,183,p499167,0,0,None,0,,499167.jpg,0.0,457,175,0,241,False,0,0,Nichols,0.3,368,148,False,None,0,0,a,1,3,2024-07-24,0.0,414,166,0,0,0,0,0,0.0,0.0,Nichols,0
11,2001-09-05,18,508,True,True,None,None,7,0.37,223340,1,,0,0,0,0,842.8,16,15,0,4,,0,3,3.5,None,0,7.78,0.41,14.65,0.77,6.87,17.72,0.93,0.36,Bukayo,0.0,659,297,21,1.1,6,False,227.9,14,10,16,False,606.0,87,36,1724,,None,100,5,3,p223340,0,0,1,0,,223340.jpg,5.1,11,6,0,241,False,0,0.0,Saka,17.8,21,7,False,None,20,1.04,a,1,3,2018-11-28,830.0,23,13,127,0,0,0,0,0.0,12.7,Saka,3
9,1998-12-17,11,529,True,True,None,None,11,0.43,184029,3,,0,0,0,0,968.7,7,7,0,2,,0,3,3.1,None,0,6.68,0.26,11.53,0.45,4.85,22.16,0.86,0.19,Martin,0.0,648,288,21,0.81,3,False,198.8,32,25,17,False,524.6,113,46,2321,,None,80,13,8,p184029,0,0,2,0,,184029.jpg,3.9,56,28,0,161,False,0,0.0,Ødegaard,3.0,103,33,False,None,26,1.01,a,1,3,2021-08-20,493.0,63,43,116,0,0,0,0,0.0,14.5,Ødegaard,4
5,2002-03-10,12,425,True,True,None,None,6,0.27,248857,None,,0,0,0,0,475.1,73,59,0,None,,0,3,2.8,None,0,2.86,0.13,12.48,0.56,9.62,29.55,1.31,0.43,Noni,0.0,630,278,28,1.24,7,False,195.3,37,29,18,False,479.2,130,54,2028,,None,70,35,24,p248857,0,0,None,0,,248857.jpg,3.8,63,31,0,241,False,0,0.0,Madueke,2.2,124,40,False,None,27,1.2,a,1,3,2025-07-18,998.0,11,5,120,0,0,0,0,0.0,17.1,Madueke,3
4,2001-06-18,6,422,True,True,None,None,10,0.39,444145,None,,0,0,0,0,587.8,51,44,0,None,,0,3,2.8,None,0,4.46,0.18,11.59,0.46,7.13,26.22,1.03,0.28,Gabriel,0.0,633,280,25,0.99,8,False,206.1,26,21,19,False,559.8,103,41,2284,,None,70,38,26,p444145,0,0,None,0,,444145.jpg,3.8,64,32,0,30,False,0,0.0,Martinelli Silva,1.6,144,50,False,None,25,0.99,a,1,3,2019-07-15,912.0,16,8,125,0,0,0,0,0.0,17.9,Martinelli,1
8,1994-12-04,18,561,True,True,None,None,11,0.39,116216,None,,0,0,0,0,617.6,49,42,0,None,,0,3,2.8,None,0,4.12,0.15,10.86,0.39,6.74,24.76,0.88,0.24,Leandro,0.0,623,271,27,0.95,8,False,202.1,29,23,20,False,609.0,84,33,2546,,None,70,28,17,p116216,0,0,4,0,,116216.jpg,4.0,45,23,1,21,False,0,0.0,Trossard,1.7,139,47,False,None,28,0.99,a,1,3,2023-01-20,798.0,25,14,152,0,0,0,0,0.0,21.7,Trossard,2
7,1999-01-14,17,627,True,True,None,None,11,0.35,204480,2,,0,0,0,0,959.6,9,9,0,1,,0,3,2.7,None,0,5.64,0.18,9.14,0.29,3.51,27.13,0.86,0.11,Declan,0.0,597,252,29,0.92,4,False,208.8,24,19,21,False,733.0,44,12,2823,,None,65,50,36,p204480,0,0,None,0,,204480.jpg,3.6,79,39,1,241,False,0,0.0,Rice,7.6,55,17,False,None,33,1.05,a,1,3,2023-07-15,399.0,80,56,127,0,0,0,0,0.0,19.5,Rice,5
2,1996-06-22,8,326,True,True,None,None,4,0.23,195384,None,,0,0,0,0,265.8,137,96,0,None,,0,3,2.6,None,0,1.18,0.07,6.93,0.4,5.75,15.71,0.9,0.33,Mikel,0.0,565,232,17,0.97,7,False,123.3,99,65,22,False,456.8,136,57,1575,,None,60,87,62,p195384,0,0,None,0,,195384.jpg,3.3,112,53,1,200,False,0,0.0,Merino Zazón,0.8,206,67,False,None,17,0.97,a,1,3,2024-08-27,511.0,58,40,92,0,0,0,0,0.0,15.3,Merino,2
0,2000-05-30,0,0,True,True,None,None,0,0,438098,None,,0,0,0,0,0.0,644,287,0,None,,0,3,2.5,None,0,0.00,0,0.00,0,0.00,0.00,0,0,Fábio,0.0,512,199,0,0,0,False,0.0,644,287,23,False,0.0,644,287,0,,None,55,165,108,p438098,0,0,None,0,,438098.jpg,0.0,644,287,0,173,False,0,0,Ferreira Vieira,0.1,631,275,False,None,0,0,a,1,3,2022-06-21,0.0,641,284,0,0,0,0,0,0.0,0.0,Fábio Vieira,0
5,1994-03-10,7,580,True,True,None,None,6,0.19,128295,None,,0,0,0,0,333.0,105,76,0,None,,0,3,2.5,None,0,1.38,0.04,5.61,0.18,4.23,44.54,1.42,0.14,Christian,0.0,469,171,45,1.44,5,False,147.9,74,52,24,False,735.4,42,11,2820,,None,55,122,80,p128295,0,0,None,0,,128295.jpg,3.1,127,60,1,58,False,0,0.0,Nørgaard,0.7,218,71,False,None,34,1.09,a,1,3,2025-07-10,409.0,75,52,107,0,0,0,0,0.0,19.5,Nørgaard,8
2,2007-03-21,4,251,True,True,None,None,4,0.41,499175,4,,0,0,0,0,282.8,130,91,0,3,,0,3,2.5,None,0,1.78,0.18,2.97,0.3,1.19,5.38,0.55,0.12,Ethan,0.0,534,211,4,0.41,4,False,83.0,161,89,25,False,293.2,203,96,882,,None,55,187,120,p499175,0,0,None,0,,499175.jpg,2.5,189,81,0,241,False,0,0.0,Nwaneri,0.6,243,79,False,None,11,1.12,a,1,3,2022-09-17,255.0,115,79,66,0,0,0,0,0.0,12.0,Nwaneri,1
0,1999-02-02,0,0,True,True,None,None,0,0,481655,None,,0,0,0,0,0.0,647,290,0,None,,0,3,2.5,None,0,0.00,0,0.00,0,0.00,0.00,0,0,Martín,0.0,527,208,0,0,0,False,0.0,647,290,26,False,0.0,647,290,0,,None,55,180,117,p481655,0,0,None,0,,481655.jpg,0.0,647,290,0,200,False,0,0,Zubimendi Ibáñez,1.9,133,43,False,None,0,0,a,1,3,2025-07-06,0.0,645,288,0,0,0,0,0,0.0,0.0,Zubimendi,0
1,1999-12-10,2,143,True,True,None,None,1,0.19,200641,None,,0,0,0,0,223.9,158,110,0,None,,0,3,2.0,None,0,0.96,0.18,2.03,0.38,1.07,6.13,1.14,0.2,Reiss,0.0,356,99,9,1.68,1,False,55.1,226,120,27,False,131.6,287,136,483,,None,50,243,154,p200641,0,0,None,0,,200641.jpg,2.2,220,96,0,241,False,0,0.0,Nelson,0.2,442,141,False,None,5,0.93,a,1,3,2017-07-12,195.0,156,102,27,0,0,0,0,0.0,5.4,Nelson,1
0,2005-12-10,0,0,True,True,None,None,0,0,588796,None,,0,0,0,0,0.0,572,238,0,None,,0,3,1.5,None,0,0.00,0,0.00,0,0.00,0.00,0,0,Ismeal,0.0,299,67,0,0,0,False,0.0,576,238,28,False,0.0,576,238,0,,None,45,520,288,p588796,0,0,None,0,,588796.jpg,0.0,577,239,0,152,False,0,0,Kabia,0.4,313,100,False,None,0,0,a,1,3,2024-09-14,0.0,556,232,0,0,0,0,0,0.0,0.0,Kabia,0
0,1999-10-22,0,0,True,True,None,None,0,0,437742,None,,0,0,0,0,0.0,501,190,0,None,,0,3,1.5,None,0,0.00,0,0.00,0,0.00,0.00,0,0,Albert,0.0,199,9,0,0,0,False,0.0,505,190,29,False,0.0,505,190,0,,None,45,420,230,p437742,0,0,None,0,,437742.jpg,0.0,508,191,0,21,False,0,0,Sambi Lokonga,0.2,454,148,False,None,0,0,a,1,3,2021-07-19,0.0,481,182,0,0,0,0,0,0.0,0.0,Sambi,0
3,1999-06-11,14,343,True,True,None,None,7,0.34,219847,None,,0,0,0,0,269.0,134,15,0,None,,0,4,2.9,None,0,1.65,0.08,11.18,0.54,9.53,19.32,0.93,0.46,Kai,0.0,640,62,20,0.96,9,False,144.8,76,15,30,False,467.6,135,15,1872,,None,75,21,9,p219847,0,0,None,0,,219847.jpg,4.2,35,9,0,80,False,0,0.0,Havertz,2.2,125,24,False,None,21,1.01,a,1,3,2023-06-28,711.0,33,14,97,0,0,0,0,0.0,12.9,Havertz,5
2,1997-04-03,6,152,True,True,0,None,2,0.3,205651,None,,0,0,0,0,119.5,220,23,0,None,,0,4,0.0,None,0,0.52,0.08,3.57,0.54,3.05,5.82,0.87,0.46,Gabriel,0.0,598,51,5,0.75,3,False,52.6,233,24,31,False,154.4,278,25,600,Knee injury - Unknown return date,2025-07-21T10:00:04.697564Z,65,51,15,p205651,0,0,None,0,,205651.jpg,2.5,190,19,0,30,False,0,0.0,Fernando de Jesus,0.1,636,68,False,None,6,0.9,i,1,3,2022-07-04,255.0,116,23,42,0,0,0,0,0.0,6.5,G.Jesus,4
0,2004-06-27,0,0,True,True,None,None,0,0,500040,None,,0,0,0,0,0.0,649,220,0,None,,0,2,3.8,None,0,0.00,0,0.00,0,0.00,0.00,0,0,Cristhian,0.0,535,210,0,0,0,False,0.0,649,220,662,False,0.0,649,220,0,,None,55,188,29,p500040,0,0,None,0,,500040.jpg,0.0,649,220,0,200,False,0,0,Mosquera,0.0,653,217,False,None,0,0,a,1,3,2025-07-24,0.0,647,220,0,0,0,0,0,0.0,0.0,Mosquera,0
0,1992-09-02,6,457,True,True,0,None,8,0.23,98980,None,,0,0,0,0,20.0,325,7,0,None,,0,1,0.0,None,0,0.02,0.0,0.02,0.0,0.00,44.99,1.27,0.0,Emiliano,0.0,330,64,47,1.32,0,False,86.0,155,5,32,False,839.6,21,6,3195,Suspended until 23 Aug,2025-07-21T10:00:04.758838Z,50,217,9,p98980,0,0,None,1,,98980.jpg,3.0,133,20,1,10,False,100,2.82,Martínez Romero,0.5,271,37,False,None,37,1.04,s,2,7,2020-09-16,0.0,576,65,111,0,0,0,0,0.0,22.2,Martinez,5
0,1991-03-10,0,0,True,True,None,None,0,0,72147,None,,0,0,0,0,0.0,480,61,0,None,,0,1,1.8,None,0,0.00,0,0.00,0,0.00,0.00,0,0,Marco,0.0,130,46,0,0,0,False,0.0,487,68,33,False,0.0,487,68,0,,None,45,351,18,p72147,0,0,None,0,,72147.jpg,0.0,490,68,0,152,False,0,0,Bizot,0.3,339,46,False,None,0,0,a,2,7,2025-07-15,0.0,457,48,0,0,0,0,0,0.0,0.0,M.Bizot,0
0,2000-07-04,0,0,True,True,None,None,0,0,462492,None,,0,0,0,0,0.0,424,43,0,None,,0,1,0.5,None,0,0.00,0,0.00,0,0.00,0.00,0,0,Joe,0.0,55,26,0,0,0,False,0.0,434,52,34,False,0.0,434,52,0,,None,40,595,57,p462492,0,0,None,0,,462492.jpg,0.0,437,52,0,13,False,0,0,Gauci,1.0,188,27,False,None,0,0,a,2,7,2024-02-01,0.0,393,28,0,0,0,0,0,0.0,0.0,Gauci,0
0,2003-04-24,0,0,True,True,None,None,0,0,462381,None,,0,0,0,0,0.0,423,42,0,None,,0,1,0.5,None,0,0.00,0,0.00,0,0.00,0.00,0,0,Filip,0.0,54,25,0,0,0,False,0.0,433,51,35,False,0.0,433,51,0,,None,40,594,56,p462381,0,0,None,0,,462381.jpg,0.0,436,51,0,241,False,0,0,Marschall,0.3,361,49,False,None,0,0,a,2,7,2021-12-13,0.0,392,27,0,0,0,0,0,0.0,0.0,Marschall,0
1,1997-08-07,2,286,True,True,None,None,7,0.3,199796,None,,0,0,0,0,181.0,185,43,0,None,,0,2,1.4,None,0,1.23,0.05,1.71,0.07,0.48,28.64,1.25,0.02,Matty,0.0,161,106,22,0.96,1,False,71.3,191,60,36,False,359.2,173,61,2069,,None,45,382,86,p199796,0,0,None,0,,199796.jpg,2.8,153,46,0,172,False,0,0.0,Cash,1.5,150,50,False,None,24,1.04,a,2,7,2020-09-03,171.0,170,38,76,0,0,0,0,0.0,16.9,Cash,7
5,1993-07-20,7,383,True,True,None,None,6,0.23,101188,7,,0,0,0,0,583.9,52,7,0,2,,0,2,1.4,None,0,3.97,0.15,4.77,0.18,0.80,34.94,1.34,0.03,Lucas,0.0,136,88,36,1.38,0,False,120.7,103,20,37,False,512.6,122,41,2348,,None,45,357,68,p101188,0,0,None,0,,101188.jpg,2.8,150,43,0,73,False,0,0.0,Digne,1.5,152,51,False,None,28,1.07,a,2,7,2022-01-13,112.0,213,64,89,0,0,0,0,0.0,19.8,Digne,4
0,1997-10-23,10,448,True,True,None,None,8,0.25,199798,None,,0,0,0,0,123.9,217,63,0,None,,0,2,1.4,None,0,0.61,0.02,1.90,0.06,1.29,43.82,1.34,0.04,Ezri,0.0,162,107,45,1.38,2,False,82.4,163,48,38,False,532.8,112,39,2936,,None,45,383,87,p199798,0,0,None,0,,199798.jpg,3.0,130,36,0,241,False,0,0.0,Konsa Ngoyo,23.2,12,5,False,None,33,1.01,a,2,7,2019-07-11,166.0,172,40,103,0,0,0,0,0.0,22.9,Konsa,1
2,2002-03-10,0,204,True,True,None,None,3,0.24,441302,None,,0,0,0,0,293.4,125,25,0,None,,0,2,1.4,None,0,2.43,0.19,3.30,0.26,0.87,17.31,1.38,0.07,Ian,0.0,204,135,16,1.28,1,False,74.3,187,56,39,False,252.0,223,81,1125,,None,45,425,115,p441302,0,0,None,0,,441302.jpg,2.0,242,85,0,152,False,0,0.0,Maatsen,1.1,179,60,False,None,10,0.8,a,2,7,2024-06-28,197.0,153,28,57,0,0,0,0,0.0,12.7,Maatsen,2
1,1993-03-13,5,207,True,True,None,None,4,0.32,149484,None,,0,0,0,0,49.2,279,102,0,None,,0,2,1.4,None,0,0.23,0.02,1.11,0.09,0.88,13.20,1.06,0.07,Tyrone,0.0,149,98,11,0.88,0,False,34.6,272,95,40,False,220.4,233,84,1119,,None,45,370,78,p149484,0,0,None,0,,149484.jpg,3.4,95,17,0,241,False,0,0.0,Mings,0.4,280,99,False,None,12,0.97,a,2,7,2019-07-08,74.0,242,81,47,0,0,0,0,0.0,10.4,Mings,1
0,1997-01-16,3,254,True,True,None,None,5,0.22,244954,None,,0,0,0,0,84.5,247,85,0,None,,0,2,1.4,None,0,0.43,0.02,0.94,0.04,0.51,29.69,1.32,0.02,Pau,0.0,194,132,33,1.47,0,False,54.0,232,69,41,False,350.6,181,64,2019,,None,45,415,112,p244954,0,0,None,0,,244954.jpg,2.3,205,71,0,200,False,0,0.0,Torres,0.4,291,106,False,None,23,1.03,a,2,7,2023-07-12,102.0,218,68,55,0,0,0,0,0.0,12.2,Pau,2
0,2003-02-07,0,26,True,True,None,None,0,0.0,606798,None,,0,0,0,0,68.4,262,91,0,None,,0,2,0.5,None,0,0.49,0.14,0.53,0.15,0.04,6.49,1.85,0.01,Andrés,0.0,117,74,5,1.42,0,False,12.0,323,119,42,False,45.6,333,124,316,,None,40,657,215,p606798,0,0,None,0,,606798.jpg,1.1,332,117,0,200,False,0,0.0,García,1.0,190,65,False,None,5,1.42,a,2,7,2025-01-21,7.0,326,124,8,0,0,0,0,0.0,2.0,A.García,0
1,1993-06-08,1,126,True,True,None,None,3,0.28,106468,None,,0,0,0,0,134.5,211,60,0,None,,0,2,0.5,None,0,1.10,0.1,1.27,0.12,0.17,13.94,1.32,0.02,Álex,0.0,12,3,16,1.51,0,False,36.4,266,91,43,False,200.8,250,92,952,,None,40,552,144,p106468,0,0,None,0,,106468.jpg,2.3,203,69,0,200,False,0,0.0,Moreno Lopera,11.6,35,14,False,None,11,1.04,a,2,7,2023-01-11,29.0,290,104,34,0,0,0,0,0.0,8.5,Alex Moreno,2
0,2004-01-05,0,22,True,True,None,None,0,0.0,515597,None,,0,0,0,0,33.3,303,115,0,None,,0,2,0.5,None,0,0.13,0.02,0.17,0.03,0.04,9.28,1.77,0.01,Lamare,0.0,83,46,11,2.09,0,False,13.3,319,116,44,False,84.8,311,114,473,,None,40,623,187,p515597,0,0,None,0,,515597.jpg,0.8,383,135,0,152,False,0,0.0,Bogarde,0.3,338,130,False,None,5,0.95,a,2,7,2021-01-07,15.0,310,115,6,0,0,0,0,0.0,1.5,Bogarde,2
0,None,0,0,True,True,None,None,0,0,514315,None,,0,0,0,0,0.0,445,173,0,None,,0,2,0.5,None,0,0.00,0,0.00,0,0.00,0.00,0,0,Lino,0.0,81,44,0,0,0,False,0.0,455,175,45,False,0.0,455,175,0,,None,40,621,185,p514315,0,0,None,0,,514315.jpg,0.0,459,176,0,None,False,0,0,da Cruz Sousa,0.3,332,126,False,None,0,0,a,2,7,None,0.0,418,168,0,0,0,0,0,0.0,0.0,Sousa,0
0,None,0,0,True,True,None,None,0,0,587178,None,,0,0,0,0,0.0,467,190,0,None,,0,2,0.5,None,0,0.00,0,0.00,0,0.00,0.00,0,0,Yasin,0.0,110,68,0,0,0,False,0.0,476,191,46,False,0.0,476,191,0,,None,40,650,209,p587178,0,0,None,0,,587178.jpg,0.0,479,191,0,None,False,0,0,Özcan,0.3,345,134,False,None,0,0,a,2,7,None,0.0,443,188,0,0,0,0,0,0.0,0.0,Yasin,0
11,2002-07-26,15,534,True,True,None,None,10,0.29,244850,None,,0,0,0,0,722.7,32,29,0,None,,0,3,1.8,None,0,5.24,0.15,11.73,0.34,6.49,43.70,1.26,0.19,Morgan,0.0,628,276,40,1.16,8,False,214.3,19,14,47,False,731.6,45,13,3115,,None,70,33,22,p244850,0,0,None,0,,244850.jpg,4.4,26,15,0,241,False,0,0.0,Rogers,21.0,13,5,False,None,37,1.07,a,2,7,2024-02-01,689.0,38,24,161,0,0,0,0,0.0,23.0,Rogers,10
7,1997-05-07,15,686,True,True,None,None,7,0.21,166989,3,,0,0,0,0,963.1,8,8,0,None,,0,3,1.6,None,0,5.83,0.17,9.14,0.27,3.31,43.87,1.31,0.1,Youri,0.0,560,228,46,1.37,3,False,209.6,23,18,48,False,799.6,29,7,3025,,None,60,82,58,p166989,0,1,4,0,,166989.jpg,3.4,101,48,0,21,False,0,0.0,Tielemans,1.5,151,52,False,None,35,1.04,a,2,7,2023-06-14,333.0,93,64,121,0,0,0,0,0.0,20.2,Tielemans,4
2,1997-08-09,2,174,True,True,None,None,2,0.16,215711,8,,0,0,0,0,235.8,154,107,0,4,,0,3,1.5,None,0,2.92,0.23,4.65,0.37,1.73,13.91,1.11,0.14,Leon,0.0,492,186,19,1.51,1,False,70.3,194,102,49,False,146.4,280,130,1132,,None,55,145,95,p215711,0,0,None,0,,215711.jpg,2.0,251,114,0,107,False,0,0.0,Bailey,0.4,279,92,False,None,14,1.11,a,2,7,2021-08-04,325.0,94,65,47,0,0,0,0,0.0,8.5,Bailey,3
0,1996-12-25,0,37,True,True,None,None,0,0.0,195546,None,,0,0,0,0,23.2,320,166,0,None,,0,3,1.5,None,0,0.03,0.03,0.68,0.69,0.65,2.27,2.3,0.66,Emiliano,0.0,480,179,2,2.02,0,False,5.2,355,168,50,False,16.4,357,167,89,,None,55,133,88,p195546,0,0,None,0,,195546.jpg,0.9,381,181,0,10,False,0,0.0,Buendía Stati,0.1,628,272,False,None,0,0.0,a,2,7,2021-06-10,16.0,309,162,11,0,0,0,0,0.0,2.0,Buendía,1
0,2003-10-04,0,0,True,True,None,None,0,0,469247,None,,0,0,0,0,0.0,646,289,0,None,,0,3,1.5,None,0,0.00,0,0.00,0,0.00,0.00,0,0,Samuel,0.0,523,205,0,0,0,False,0.0,646,289,51,False,0.0,646,289,0,,None,55,176,114,p469247,0,0,None,0,,469247.jpg,0.0,646,289,0,241,False,0,0,Iling-Junior,0.0,643,285,False,None,0,0,a,2,7,2024-07-01,0.0,643,286,0,0,0,0,0,0.0,0.0,Iling Jr,0
4,2001-05-28,3,265,True,True,None,None,5,0.28,232653,None,,0,0,0,0,307.9,120,86,0,None,,0,3,1.5,None,0,2.18,0.12,3.77,0.21,1.59,23.99,1.34,0.09,Jacob,0.0,500,192,26,1.45,1,False,78.7,172,94,52,False,235.4,228,109,1616,,None,55,153,101,p232653,0,0,None,0,,232653.jpg,2.3,211,93,1,241,False,0,0.0,Ramsey,0.6,240,78,False,None,19,1.06,a,2,7,2019-02-12,245.0,120,81,66,0,0,0,0,0.0,12.0,J.Ramsey,2
0,1999-01-19,3,112,True,True,None,None,0,0.0,204646,None,,0,0,0,0,42.7,288,155,0,None,,0,3,1.5,None,0,0.15,0.05,2.30,0.7,2.15,4.77,1.45,0.65,Donyell,0.0,485,183,6,1.82,3,False,38.5,262,133,53,False,138.2,284,134,296,,None,55,138,92,p204646,0,0,None,0,,204646.jpg,2.4,196,84,0,152,False,0,0.0,Malen,0.6,236,76,False,None,2,0.61,a,2,7,2025-01-14,208.0,143,95,34,0,0,0,0,0.0,6.2,Malen,0
4,1994-10-18,1,360,True,True,None,None,8,0.32,122806,6,,0,0,0,0,500.6,70,56,0,6,,0,3,1.5,None,0,2.70,0.11,5.80,0.24,3.10,35.03,1.42,0.13,John,0.0,466,169,34,1.38,1,False,103.7,127,77,54,False,277.2,210,101,2217,,None,55,119,78,p122806,0,0,None,0,,122806.jpg,2.3,209,92,0,243,False,0,0.0,McGinn,0.6,246,81,False,None,27,1.1,a,2,7,2018-08-08,263.0,114,78,78,0,0,0,0,0.0,14.2,McGinn,7
1,1993-12-05,5,166,True,True,None,None,1,0.16,88894,None,,0,0,0,0,128.1,215,132,0,None,,0,3,1.0,None,0,0.43,0.07,2.22,0.35,1.79,6.32,1.0,0.28,Ross,0.0,328,82,10,1.59,3,False,54.8,228,122,55,False,215.4,238,115,567,,None,50,215,137,p88894,0,0,None,0,,88894.jpg,2.2,219,95,0,241,False,0,0.0,Barkley,0.3,348,109,False,None,3,0.48,a,2,7,2024-07-01,206.0,146,97,44,0,0,0,0,0.0,8.8,Barkley,3
0,None,0,0,False,True,0,None,0,0,491287,None,,0,0,0,0,0.0,618,268,0,None,,0,3,0.0,None,0,0.00,0,0.00,0,0.00,0.00,0,0,Enzo,0.0,426,141,0,0,0,False,0.0,619,268,56,False,0.0,619,268,0,Season-long loan to Benfica,2025-07-22T13:50:13.193555Z,50,313,196,p491287,0,0,None,0,,491287.jpg,0.0,619,268,0,None,False,0,0,Barrenechea,0.0,652,294,False,None,0,0,u,2,7,None,0.0,611,265,0,0,0,0,0,0.0,0.0,Barrenechea,0
0,2003-01-03,0,0,True,True,None,None,0,0,461421,None,,0,0,0,0,0.0,610,260,0,None,,0,3,1.0,None,0,0.00,0,0.00,0,0.00,0.00,0,0,Lewis,0.0,409,129,0,0,0,False,0.0,612,261,57,False,0.0,612,261,0,,None,50,296,184,p461421,0,0,None,0,,461421.jpg,0.0,612,261,0,241,False,0,0,Dobbin,0.1,605,250,False,None,0,0,a,2,7,2024-06-23,0.0,603,257,0,0,0,0,0,0.0,0.0,Dobbin,0
0,1999-11-23,3,296,True,True,None,None,6,0.31,226944,None,,0,0,0,0,191.0,180,122,0,None,,0,3,1.0,None,0,0.83,0.04,1.65,0.08,0.82,23.03,1.21,0.04,Boubacar,0.0,381,113,22,1.15,1,False,60.2,220,117,58,False,326.6,194,90,1720,,None,50,268,168,p226944,0,0,None,0,,226944.jpg,2.2,222,97,0,73,False,0,0.0,Kamara,0.2,432,136,False,None,20,1.05,a,2,7,2022-06-11,83.0,237,132,57,0,0,0,0,0.0,11.4,Kamara,2
0,2001-08-16,5,324,True,True,None,None,6,0.33,449871,None,,0,0,0,0,194.8,178,121,0,None,,0,3,1.0,None,0,0.84,0.05,2.96,0.17,2.12,23.66,1.32,0.12,Amadou,0.0,404,127,23,1.28,3,False,77.0,177,97,59,False,358.0,174,80,1613,,None,50,291,182,p449871,0,0,None,0,,449871.jpg,2.5,184,78,0,21,False,0,0.0,Onana,1.8,137,45,False,None,20,1.12,a,2,7,2024-07-22,215.0,141,93,65,0,0,0,0,0.0,13.0,Onana,4
0,None,0,0,True,True,None,None,0,0,577731,None,,0,0,0,0,0.0,571,237,0,None,,0,3,0.5,None,0,0.00,0,0.00,0,0.00,0.00,0,0,Ben,0.0,297,65,0,0,0,False,0.0,575,237,60,False,0.0,575,237,0,,None,45,518,286,p577731,0,0,None,0,,577731.jpg,0.0,576,238,0,None,False,0,0,Broggio,0.3,380,118,False,None,0,0,a,2,7,None,0.0,555,231,0,0,0,0,0,0.0,0.0,Broggio,0
0,1995-04-15,0,0,True,True,None,None,0,0,151589,None,,0,0,0,0,0.0,483,185,0,None,,0,3,0.5,None,0,0.00,0,0.00,0,0.00,0.00,0,0,Leander,0.0,150,1,0,0,0,False,0.0,489,185,61,False,0.0,489,185,0,,None,45,371,222,p151589,0,0,None,0,,151589.jpg,0.0,492,186,0,21,False,0,0,Dendoncker,0.4,304,98,False,None,0,0,a,2,7,2022-09-01,0.0,462,177,0,0,0,0,0,0.0,0.0,Dendoncker,0
0,None,0,0,True,True,None,None,0,0,559962,None,,0,0,0,0,0.0,559,232,0,None,,0,3,0.5,None,0,0.00,0,0.00,0,0.00,0.00,0,0,Jamaldeen,0.0,282,57,0,0,0,False,0.0,563,232,62,False,0.0,563,232,0,,None,45,503,278,p559962,0,0,None,0,,559962.jpg,0.0,564,233,0,None,False,0,0,Jimoh-Aloba,0.1,624,268,False,None,0,0,a,2,7,None,0.0,542,225,0,0,0,0,0,0.0,0.0,Jimoh-Aloba,0
0,None,0,0,True,True,None,None,0,0,537403,None,,0,0,0,0,0.0,547,223,0,None,,0,3,0.5,None,0,0.00,0,0.00,0,0.00,0.00,0,0,Kadan,0.0,268,47,0,0,0,False,0.0,551,223,63,False,0.0,551,223,0,,None,45,489,268,p537403,0,0,None,0,,537403.jpg,0.0,553,224,0,None,False,0,0,Young,0.5,257,86,False,None,0,0,a,2,7,None,0.0,530,216,0,0,0,0,0,0.0,0.0,Young,0
8,1995-12-30,32,631,True,True,None,None,10,0.35,178301,None,,0,0,0,0,345.2,102,9,0,None,,0,4,2.3,None,0,2.07,0.07,17.19,0.59,15.12,38.62,1.34,0.52,Ollie,0.0,658,67,40,1.39,16,False,223.8,15,5,64,False,766.0,34,6,2593,,None,90,7,3,p178301,0,0,3,0,,178301.jpg,4.9,13,6,0,241,False,0,0.0,Watkins,10.2,41,8,False,None,31,1.08,a,2,7,2020-09-09,1148.0,6,4,186,0,0,0,0,0.0,20.7,Watkins,2
0,None,0,0,True,True,None,None,0,0,576756,None,,0,0,0,0,0.0,569,48,0,None,,0,4,0.5,None,0,0.00,0,0.00,0,0.00,0.00,0,0,Zépiqueno,0.0,294,15,0,0,0,False,0.0,573,48,65,False,0.0,573,48,0,,None,45,515,63,p576756,0,0,None,0,,576756.jpg,0.0,574,48,0,None,False,0,0,Redmond,1.0,189,35,False,None,0,0,a,2,7,None,0.0,553,48,0,0,0,0,0,0.0,0.0,Redmond,0
0,2002-10-10,0,0,True,True,None,None,0,0,432720,None,,0,0,0,0,0.0,603,73,0,None,,0,1,2.6,None,0,0.00,0,0.00,0,0.00,0.00,0,0,James,0.0,395,69,0,0,0,False,0.0,606,74,182,False,0.0,606,74,0,,None,50,282,14,p432720,0,0,None,0,,432720.jpg,0.0,606,74,0,241,False,0,0,Trafford,4.2,80,13,False,None,0,0,a,3,90,2023-07-20,0.0,595,69,0,0,0,0,0,0.0,0.0,Trafford,0
0,2004-06-15,0,0,True,True,None,None,0,0,518030,None,,0,0,0,0,0.0,538,70,0,None,,0,1,1.8,None,0,0.00,0,0.00,0,0.00,0.00,0,0,Max,0.0,255,59,0,0,0,False,0.0,542,73,183,False,0.0,542,73,0,,None,45,476,31,p518030,0,0,None,0,,518030.jpg,0.0,544,73,0,80,False,0,0,Weiß,0.1,477,63,False,None,0,0,a,3,90,2025-06-25,0.0,520,60,0,0,0,0,0,0.0,0.0,Weiss,0
0,2000-07-19,0,0,True,True,None,None,0,0,489571,None,,0,0,0,0,0.0,436,49,0,None,,0,1,0.5,None,0,0.00,0,0.00,0,0.00,0.00,0,0,Etienne,0.0,69,33,0,0,0,False,0.0,446,58,184,False,0.0,446,58,0,,None,40,609,64,p489571,0,0,None,0,,489571.jpg,0.0,449,58,0,241,False,0,0,Green,0.4,292,40,False,None,0,0,a,3,90,2024-08-07,0.0,406,35,0,0,0,0,0,0.0,0.0,Green,0
0,1990-11-14,0,0,True,True,None,None,0,0,51943,None,,0,0,0,0,0.0,379,19,0,None,,0,1,0.5,None,0,0.00,0,0.00,0,0.00,0.00,0,0,Václav,0.0,2,2,0,0,0,False,0.0,392,31,185,False,0.0,392,31,0,,None,40,542,33,p51943,0,0,None,0,,51943.jpg,0.0,396,32,0,57,False,0,0,Hladký,0.4,295,41,False,None,0,0,a,3,90,2024-07-19,0.0,345,4,0,0,0,0,0,0.0,0.0,Hladký,0
0,1995-09-23,0,0,True,True,None,None,0,0,192290,None,,0,0,0,0,0.0,487,201,0,None,,0,2,1.4,None,0,0.00,0,0.00,0,0.00,0.00,0,0,Connor,0.0,159,104,0,0,0,False,0.0,493,202,186,False,0.0,493,202,0,,None,45,380,84,p192290,0,0,None,0,,192290.jpg,0.0,496,202,0,244,False,0,0,Roberts,0.2,471,187,False,None,0,0,a,3,90,2021-08-31,0.0,466,200,0,0,0,0,0,0.0,0.0,Roberts,0
0,1990-05-28,0,63,True,True,None,None,0,0.0,58621,None,,0,0,0,0,147.7,204,56,0,None,,0,2,1.4,None,0,1.34,0.12,1.46,0.13,0.12,19.26,1.79,0.01,Kyle,0.0,127,82,21,1.96,0,False,33.5,276,96,187,False,157.4,272,100,966,,None,45,348,62,p58621,0,0,None,0,,58621.jpg,0.9,379,134,0,241,False,0,0.0,Walker,2.5,114,39,False,None,9,0.84,a,3,90,2025-07-05,29.0,292,106,13,0,0,0,0,0.0,2.9,Walker,3
0,1999-02-28,0,0,True,True,None,None,0,0,247245,None,,0,0,0,0,0.0,409,152,0,None,,0,2,0.5,None,0,0.00,0,0.00,0,0.00,0.00,0,0,Hannes,0.0,38,18,0,0,0,False,0.0,419,154,188,False,0.0,419,154,0,,None,40,578,159,p247245,0,0,None,0,,247245.jpg,0.0,422,154,0,21,False,0,0,Delcroix,0.5,256,90,False,None,0,0,a,3,90,2023-08-22,0.0,377,144,0,0,0,0,0,0.0,0.0,Delcroix,0
0,2003-03-19,0,0,True,True,None,None,0,0,461567,None,,0,0,0,0,0.0,422,161,0,None,,0,2,0.5,None,0,0.00,0,0.00,0,0.00,0.00,0,0,Owen,0.0,53,29,0,0,0,False,0.0,432,163,189,False,0.0,432,163,0,,None,40,593,170,p461567,0,0,None,0,,461567.jpg,0.0,435,163,0,241,False,0,0,Dodgson,0.3,349,137,False,None,0,0,a,3,90,2021-08-20,0.0,391,154,0,0,0,0,0,0.0,0.0,Dodgson,0
0,1998-10-21,0,0,True,True,None,None,0,0,478969,None,,0,0,0,0,0.0,434,167,0,None,,0,2,0.5,None,0,0.00,0,0.00,0,0.00,0.00,0,0,Hjalmar,0.0,66,36,0,0,0,False,0.0,444,169,190,False,0.0,444,169,0,,None,40,606,177,p478969,0,0,None,0,,478969.jpg,0.0,447,169,0,206,False,0,0,Ekdal,0.3,367,147,False,None,0,0,a,3,90,2023-01-21,0.0,403,160,0,0,0,0,0,0.0,0.0,Ekdal,0
0,2002-05-26,0,0,True,True,None,None,0,0,477717,None,,0,0,0,0,0.0,433,166,0,None,,0,2,0.5,None,0,0.00,0,0.00,0,0.00,0.00,0,0,Maxime,0.0,65,35,0,0,0,False,0.0,443,168,191,False,0.0,443,168,0,,None,40,605,176,p477717,0,0,None,0,,477717.jpg,0.0,446,168,0,73,False,0,0,Estève,7.7,54,20,False,None,0,0,a,3,90,2024-06-14,0.0,402,159,0,0,0,0,0,0.0,0.0,Estève,0
0,2001-11-14,0,0,True,True,None,None,0,0,494960,None,,0,0,0,0,0.0,441,171,0,None,,0,2,0.5,None,0,0.00,0,0.00,0,0.00,0.00,0,0,Quilindschy,0.0,74,40,0,0,0,False,0.0,451,173,192,False,0.0,451,173,0,,None,40,614,181,p494960,0,0,None,0,,494960.jpg,0.0,454,173,0,152,False,0,0,Hartman,0.4,305,112,False,None,0,0,a,3,90,2025-06-26,0.0,411,164,0,0,0,0,0,0.0,0.0,Hartman,0
0,2003-03-15,0,0,True,True,None,None,0,0,461188,None,,0,0,0,0,0.0,419,159,0,None,,0,2,0.5,None,0,0.00,0,0.00,0,0.00,0.00,0,0,Bashir,0.0,50,27,0,0,0,False,0.0,429,161,193,False,0.0,429,161,0,,None,40,590,168,p461188,0,0,None,0,,461188.jpg,0.0,432,161,0,241,False,0,0,Humphreys,0.5,274,96,False,None,0,0,a,3,90,2025-07-01,0.0,388,152,0,0,0,0,0,0.0,0.0,Humphreys,0
0,2000-05-19,0,0,True,True,None,None,0,0,241231,None,,0,0,0,0,0.0,407,150,0,None,,0,2,0.5,None,0,0.00,0,0.00,0,0.00,0.00,0,0,Jordan,0.0,36,16,0,0,0,False,0.0,417,152,194,False,0.0,417,152,0,,None,40,576,157,p241231,0,0,None,0,,241231.jpg,0.0,420,152,0,80,False,0,0,Beyer,0.3,373,152,False,None,0,0,a,3,90,2023-07-01,0.0,375,142,0,0,0,0,0,0.0,0.0,Jordan,0
0,2001-03-24,0,0,True,True,None,None,0,0,549329,2,,0,0,0,0,0.0,458,185,0,None,,0,2,0.5,None,0,0.00,0,0.00,0,0.00,0.00,0,0,Lucas,0.0,97,59,0,0,0,False,0.0,467,186,195,False,0.0,467,186,0,,None,40,637,200,p549329,0,0,None,0,,549329.jpg,0.0,470,186,0,30,False,0,0,Pires Silva,0.3,343,133,False,None,0,0,a,3,90,2024-07-16,0.0,432,181,0,0,0,0,0,0.0,0.0,Lucas Pires,0
0,2001-08-19,0,0,True,True,None,None,0,0,450072,None,,0,0,0,0,0.0,418,158,0,None,,0,2,0.5,None,0,0.00,0,0.00,0,0.00,0.00,0,0,Shurandy,0.0,49,26,0,0,0,False,0.0,428,160,196,False,0.0,428,160,0,,None,40,589,167,p450072,0,0,None,0,,450072.jpg,0.0,431,160,0,152,False,0,0,Sambo,0.2,400,165,False,None,0,0,a,3,90,2024-06-28,0.0,387,151,0,0,0,0,0,0.0,0.0,Sambo,0
0,2000-11-10,0,0,True,True,None,None,0,0,519895,None,,0,0,0,0,0.0,451,179,0,None,,0,2,0.5,None,0,0.00,0,0.00,0,0.00,0.00,0,0,Oliver,0.0,89,52,0,0,0,False,0.0,460,180,197,False,0.0,460,180,0,,None,40,629,193,p519895,0,0,None,0,,519895.jpg,0.0,463,180,0,169,False,0,0,Sonne,0.2,404,166,False,None,0,0,a,3,90,2025-01-01,0.0,425,175,0,0,0,0,0,0.0,0.0,Sonne,0
1,1997-11-14,0,80,True,True,None,None,1,0.05,180804,None,,0,0,0,0,93.4,242,80,0,None,,0,2,0.5,None,0,0.26,0.01,0.47,0.02,0.21,32.01,1.68,0.01,Axel,0.0,23,8,38,2.0,0,False,40.1,257,84,198,False,284.4,205,74,1710,,None,40,563,149,p180804,1,0,None,0,,180804.jpg,1.2,326,116,1,50,False,0,0.0,Tuanzebe,4.7,78,29,False,None,20,1.05,a,3,90,2025-07-01,25.0,295,107,27,0,0,0,0,0.0,6.8,Tuanzebe,3
0,1997-01-10,0,0,True,True,None,None,0,0,208912,None,,0,0,0,0,0.0,396,144,0,None,,0,2,0.5,None,0,0.00,0,0.00,0,0.00,0.00,0,0,Joe,0.0,24,9,0,0,0,False,0.0,407,146,199,False,0.0,407,146,0,,None,40,564,150,p208912,0,0,None,0,,208912.jpg,0.0,410,146,0,241,False,0,0,Worrall,0.3,385,158,False,None,0,0,a,3,90,2024-08-23,0.0,363,135,0,0,0,0,0,0.0,0.0,Worrall,0
0,1999-12-01,0,0,True,True,None,None,0,0,444180,1,,0,0,0,0,0.0,645,288,0,1,,0,3,1.5,None,0,0.00,0,0.00,0,0.00,0.00,0,0,Jaidon,0.0,516,201,0,0,0,False,0.0,645,288,200,False,0.0,645,288,0,,None,55,169,110,p444180,0,0,None,0,,444180.jpg,0.0,645,288,0,241,False,0,0,Anthony,0.1,480,164,False,None,0,0,a,3,90,2025-07-01,0.0,642,285,0,0,0,0,0,0.0,0.0,Anthony,0
0,1997-03-28,0,0,True,True,None,None,0,0,183751,None,,0,0,0,0,0.0,635,281,0,None,,0,3,1.5,None,0,0.00,0,0.00,0,0.00,0.00,0,0,Manuel,0.0,478,177,0,0,0,False,0.0,635,281,201,False,0.0,635,281,0,,None,55,131,86,p183751,0,0,None,0,,183751.jpg,0.0,635,281,0,6,False,0,0,Benson Hedilazio,0.0,648,290,False,None,0,0,a,3,90,2022-08-04,0.0,632,278,0,0,0,0,0,0.0,0.0,Benson,0
0,1998-09-19,0,0,True,True,None,None,0,0,179458,None,,0,0,0,0,0.0,634,280,0,None,,0,3,1.5,None,0,0.00,0,0.00,0,0.00,0.00,0,0,Jacob,0.0,476,175,0,0,0,False,0.0,634,280,202,False,0.0,634,280,0,,None,55,129,84,p179458,0,0,2,0,,179458.jpg,0.0,634,280,0,58,False,0,0,Bruun Larsen,0.1,593,242,False,None,0,0,a,3,90,2025-07-11,0.0,631,277,0,0,0,0,0,0.0,0.0,Bruun Larsen,0
0,2005-01-13,0,0,True,True,None,None,0,0,578614,None,,0,0,0,0,0.0,627,275,0,None,,0,3,1.0,None,0,0.00,0,0.00,0,0.00,0.00,0,0,Enock,0.0,450,161,0,0,0,False,0.0,628,275,203,False,0.0,628,275,0,,None,50,337,216,p578614,0,0,None,0,,578614.jpg,0.0,628,275,0,21,False,0,0,Agyei,0.1,551,207,False,None,0,0,a,3,90,2023-01-30,0.0,620,272,0,0,0,0,0,0.0,0.0,Boateng,0
0,2000-07-11,0,0,True,True,None,None,0,0,250735,None,,0,0,0,0,0.0,601,256,0,None,,0,3,1.0,None,0,0.00,0,0.00,0,0.00,0.00,0,0,Darko,0.0,392,121,0,0,0,False,0.0,603,256,204,False,0.0,603,256,0,,None,50,279,176,p250735,0,0,None,0,,250735.jpg,0.0,604,257,0,None,False,0,0,Churlinov,0.1,619,263,False,None,0,0,a,3,90,2022-08-19,0.0,592,251,0,0,0,0,0,0.0,0.0,Churlinov,0
0,1996-04-07,0,0,True,True,None,None,0,0,172567,None,,0,0,0,0,0.0,590,248,0,None,,0,3,1.0,None,0,0.00,0,0.00,0,0.00,0.00,0,0,Josh,0.0,345,93,0,0,0,False,0.0,593,248,205,False,0.0,593,248,0,,None,50,232,148,p172567,0,0,None,0,,172567.jpg,0.0,594,249,0,104,False,0,0,Cullen,0.1,557,213,False,None,0,0,a,3,90,2022-07-12,0.0,579,243,0,0,0,0,0,0.0,0.0,Cullen,0
0,1998-12-03,0,0,True,True,None,None,0,0,174592,3,,0,0,0,0,0.0,591,249,0,None,,0,3,1.0,None,0,0.00,0,0.00,0,0.00,0.00,0,0,Marcus,0.0,347,94,0,0,0,False,0.0,594,249,206,False,0.0,594,249,0,,None,50,234,149,p174592,0,0,None,0,,174592.jpg,0.0,595,250,0,241,False,0,0,Edwards,0.2,411,130,False,None,0,0,a,3,90,2025-07-01,0.0,580,244,0,0,0,0,0,0.0,0.0,Edwards,0
0,2003-01-21,0,0,True,True,None,None,0,0,465527,None,,0,0,0,0,0.0,611,261,0,3,,0,3,1.0,None,0,0.00,0,0.00,0,0.00,0.00,0,0,Hannibal,0.0,410,130,0,0,0,False,0.0,613,262,207,False,0.0,613,262,0,,None,50,297,185,p465527,0,0,None,0,,465527.jpg,0.0,613,262,0,218,False,0,0,Mejbri,0.2,414,131,False,None,0,0,a,3,90,2024-08-28,0.0,604,258,0,0,0,0,0,0.0,0.0,Hannibal,0
0,2004-09-15,0,0,True,True,None,None,0,0,487702,None,,0,0,0,0,0.0,617,267,0,None,,0,3,1.0,None,0,0.00,0,0.00,0,0.00,0.00,0,0,Luca,0.0,423,139,0,0,0,False,0.0,618,267,208,False,0.0,618,267,0,,None,50,310,194,p487702,0,0,None,0,,487702.jpg,0.0,618,267,0,106,False,0,0,Koleosho,0.1,558,214,False,None,0,0,a,3,90,2023-07-25,0.0,610,264,0,0,0,0,0,0.0,0.0,Koleosho,0
0,1995-05-06,0,0,True,True,None,None,0,0,167887,None,,0,0,0,0,0.0,589,247,0,None,,0,3,1.0,None,0,0.00,0,0.00,0,0.00,0.00,0,0,Josh,0.0,341,91,0,0,0,False,0.0,592,247,209,False,0.0,592,247,0,,None,50,228,146,p167887,0,0,None,0,,167887.jpg,0.0,593,248,0,241,False,0,0,Laurent,0.1,607,252,False,None,0,0,a,3,90,2024-08-30,0.0,578,242,0,0,0,0,0,0.0,0.0,Laurent,0
0,2003-09-08,0,0,True,True,None,None,0,0,469272,None,,0,0,0,0,0.0,613,263,0,None,,0,3,1.0,None,0,0.00,0,0.00,0,0.00,0.00,0,0,Loum,0.0,414,134,0,0,0,False,0.0,615,264,210,False,0.0,615,264,0,,None,50,301,189,p469272,0,0,None,0,,469272.jpg,0.0,615,264,0,73,False,0,0,Tchaouna,0.1,614,258,False,None,0,0,a,3,90,2025-07-02,0.0,606,260,0,0,0,0,0,0.0,0.0,Tchaouna,0
0,2003-01-21,0,0,True,True,None,None,0,0,447715,None,,0,0,0,0,0.0,506,194,0,None,,0,3,0.5,None,0,0.00,0,0.00,0,0.00,0.00,0,0,Aaron,0.0,207,13,0,0,0,False,0.0,510,194,211,False,0.0,510,194,0,,None,45,428,234,p447715,0,0,None,0,,447715.jpg,0.0,513,195,0,241,False,0,0,Ramsey,11.5,36,10,False,None,0,0,a,3,90,2023-08-22,0.0,486,186,0,0,0,0,0,0.0,0.0,A.Ramsey,0
0,2005-02-23,0,0,True,True,None,None,0,0,576323,None,,0,0,0,0,0.0,568,236,0,None,,0,3,0.5,None,0,0.00,0,0.00,0,0.00,0.00,0,0,Oluwaseun,0.0,293,63,0,0,0,False,0.0,572,236,212,False,0.0,572,236,0,,None,45,514,284,p576323,0,0,None,0,,576323.jpg,0.0,573,237,0,14,False,0,0,Adewumi,0.1,590,240,False,None,0,0,a,3,90,2024-08-29,0.0,552,230,0,0,0,0,0,0.0,0.0,Adewumi,0
0,2004-10-19,0,0,True,True,None,None,0,0,551206,None,,0,0,0,0,0.0,555,229,0,None,,0,3,0.5,None,0,0.00,0,0.00,0,0.00,0.00,0,0,Jaydon,0.0,278,54,0,0,0,False,0.0,559,229,213,False,0.0,559,229,0,,None,45,499,275,p551206,0,0,None,0,,551206.jpg,0.0,561,230,0,152,False,0,0,Banel,0.1,635,278,False,None,0,0,a,3,90,2025-02-03,0.0,538,222,0,0,0,0,0,0.0,0.0,Banel,0
0,1999-05-28,0,0,True,True,None,None,0,0,437748,None,,0,0,0,0,0.0,502,191,0,None,,0,3,0.5,None,0,0.00,0,0.00,0,0.00,0.00,0,0,Mike,0.0,200,10,0,0,0,False,0.0,506,191,214,False,0.0,506,191,0,,None,45,421,231,p437748,0,0,None,0,,437748.jpg,0.0,509,192,0,21,False,0,0,Trésor Ndayishimiye,0.1,486,166,False,None,0,0,a,3,90,2024-07-01,0.0,482,183,0,0,0,0,0,0.0,0.0,Trésor,0
0,1998-08-01,0,0,True,True,None,None,0,0,431639,None,,0,0,0,0,0.0,641,63,0,2,,0,4,1.3,None,0,0.00,0,0.00,0,0.00,0.00,0,0,Zian,0.0,506,37,0,0,0,False,0.0,641,63,215,False,0.0,641,63,0,,None,55,159,32,p431639,0,0,None,0,,431639.jpg,0.0,641,63,0,152,False,0,0,Flemming,0.3,365,59,False,None,0,0,a,3,90,2025-06-01,0.0,638,63,0,0,0,0,0,0.0,0.0,Flemming,0
0,2000-12-04,0,0,True,True,None,None,0,0,492831,None,,0,0,0,0,0.0,619,59,0,None,,0,4,0.9,None,0,0.00,0,0.00,0,0.00,0.00,0,0,Zeki,0.0,428,29,0,0,0,False,0.0,620,59,216,False,0.0,620,59,0,,None,50,315,46,p492831,0,0,None,0,,492831.jpg,0.0,620,59,0,207,False,0,0,Amdouni,0.5,261,47,False,None,0,0,a,3,90,2023-07-19,0.0,612,59,0,0,0,0,0,0.0,0.0,Amdouni,0
0,2000-09-03,0,0,True,True,None,None,0,0,435973,None,,0,0,0,0,0.0,605,57,0,None,,0,4,0.9,None,0,0.00,0,0.00,0,0.00,0.00,0,0,Lyle,0.0,398,26,0,0,0,False,0.0,608,57,217,False,0.0,608,57,0,,None,50,285,43,p435973,0,0,None,0,,435973.jpg,0.0,608,57,0,198,False,0,0,Foster,0.4,290,52,False,None,0,0,a,3,90,2023-01-25,0.0,597,57,0,0,0,0,0,0.0,0.0,Foster,0
0,1989-10-30,0,0,True,True,None,None,0,0,44699,None,,0,0,0,0,0.0,477,37,0,None,,0,4,0.5,None,0,0.00,0,0.00,0,0.00,0.00,0,0,Ashley,0.0,124,1,0,0,0,False,0.0,486,36,218,False,0.0,486,36,0,,None,45,345,49,p44699,0,0,1,0,,44699.jpg,0.0,489,38,0,241,False,0,0,Barnes,5.3,67,14,False,None,0,0,a,3,90,2025-01-02,0.0,454,36,0,0,0,0,0,0.0,0.0,Barnes,0
0,2000-07-06,0,0,True,True,None,None,0,0,220598,None,,0,0,0,0,0.0,492,38,0,None,,0,4,0.5,None,0,0.00,0,0.00,0,0.00,0.00,0,0,Michael,0.0,173,2,0,0,0,False,0.0,497,37,219,False,0.0,497,37,0,,None,45,394,50,p220598,0,0,None,0,,220598.jpg,0.0,500,39,0,104,False,0,0,Obafemi,1.0,183,33,False,None,0,0,a,3,90,2023-07-01,0.0,471,37,0,0,0,0,0,0.0,0.0,Obafemi,0
0,1989-07-19,0,30,True,True,None,None,0,0.0,69752,None,,0,0,0,0,0.0,479,60,0,None,,0,1,1.3,None,0,0.00,0.0,0.00,0.0,0.00,2.91,1.46,0.0,Norberto,0.0,129,45,2,1.0,0,False,7.8,343,25,66,False,77.8,316,25,180,,None,45,350,17,p69752,0,0,None,0,,69752.jpg,3.5,84,14,0,30,False,11,5.5,Murara Neto,1.2,169,24,False,None,2,1.0,a,4,91,2022-08-07,0.0,456,47,7,0,0,0,0,0.0,1.6,Neto,0
0,1999-10-08,0,0,True,True,None,None,0,0,457569,None,,0,0,0,0,0.0,512,68,0,None,,0,1,1.3,None,0,0.00,0,0.00,0,0.00,0.00,0,0,Đorđe,0.0,213,56,0,0,0,False,0.0,516,72,67,False,0.0,516,72,0,,None,45,434,28,p457569,0,0,None,0,,457569.jpg,0.0,519,72,0,190,False,0,0,Petrović,5.1,72,12,False,None,0,0,a,4,91,2025-07-16,0.0,492,57,0,0,0,0,0,0.0,0.0,Petrović,0
0,2000-07-10,0,0,True,True,None,None,0,0,444172,None,,0,0,0,0,0.0,416,39,0,None,,0,1,0.0,None,0,0.00,0,0.00,0,0.00,0.00,0,0,Will,0.0,47,22,0,0,0,False,0.0,426,48,68,False,0.0,426,48,0,,None,40,587,53,p444172,0,0,None,0,,444172.jpg,0.0,429,48,0,241,False,0,0,Dennis,0.7,220,29,False,None,0,0,a,4,91,2019-08-01,0.0,385,24,0,0,0,0,0,0.0,0.0,Dennis,0
0,2006-12-22,0,0,True,True,None,None,0,0,568791,None,,0,0,0,0,0.0,464,56,0,None,,0,1,0.0,None,0,0.00,0,0.00,0,0.00,0.00,0,0,Callan,0.0,103,41,0,0,0,False,0.0,473,65,69,False,0.0,473,65,0,,None,40,643,72,p568791,0,0,None,0,,568791.jpg,0.0,476,65,0,243,False,0,0,McKenna,0.2,389,51,False,None,0,0,a,4,91,2024-02-01,0.0,438,43,0,0,0,0,0,0.0,0.0,McKenna,0
0,2002-07-04,0,0,True,True,None,None,0,0,495145,None,,0,0,0,0,0.0,442,51,0,None,,0,1,0.0,None,0,0.00,0,0.00,0,0.00,0.00,0,0,Alex,0.0,75,35,0,0,0,False,0.0,452,60,70,False,0.0,452,60,0,,None,40,615,66,p495145,0,0,None,0,,495145.jpg,0.0,455,60,0,154,False,0,0,Paulsen,0.2,441,59,False,None,0,0,a,4,91,2024-07-01,0.0,412,37,0,0,0,0,0,0.0,0.0,Paulsen,0
1,2002-09-01,8,429,True,True,None,None,8,0.23,477580,None,,0,0,0,0,177.0,188,46,0,None,,0,2,1.6,None,0,0.76,0.02,1.96,0.05,1.20,42.54,1.23,0.03,Illia,0.0,418,186,42,1.22,0,False,92.0,142,39,71,False,651.4,65,23,3109,,None,50,305,56,p477580,0,0,None,0,,477580.jpg,2.6,171,56,1,225,False,0,0.0,Zabarnyi,0.6,234,80,False,None,35,1.01,a,4,91,2023-01-31,88.0,233,76,94,0,0,0,0,0.0,18.8,Zabarnyi,4
0,1997-05-10,3,114,True,True,None,None,2,0.16,221466,None,,0,0,0,0,84.2,248,86,0,None,,0,2,0.9,None,0,0.48,0.04,1.32,0.11,0.84,14.76,1.2,0.07,Marcos,0.0,175,117,17,1.39,0,False,39.6,259,86,72,False,271.6,213,76,1103,,None,45,396,97,p221466,0,0,None,0,,221466.jpg,1.8,268,95,0,10,False,0,0.0,Senesi Barón,0.7,228,78,False,None,13,1.06,a,4,91,2022-08-08,39.0,273,98,31,0,0,0,0,0.0,6.9,Senesi,5
0,1991-04-29,0,161,True,True,None,None,6,0.34,54469,None,,0,0,0,0,147.2,205,57,0,None,,0,2,0.9,None,0,0.68,0.04,1.33,0.08,0.65,19.04,1.08,0.04,Adam,0.0,126,81,18,1.02,0,False,35.0,270,93,73,False,181.8,264,98,1586,,None,45,347,61,p54469,0,0,None,0,,54469.jpg,2.3,204,70,0,241,False,0,0.0,Smith,0.2,451,182,False,None,19,1.08,a,4,91,2014-01-28,24.0,296,108,57,0,0,0,0,0.0,12.7,Smith,7
0,2001-11-20,0,0,True,True,None,None,0,0,494521,None,,0,0,0,0,0.0,528,212,0,None,,0,2,0.9,None,0,0.00,0,0.00,0,0.00,0.00,0,0,Adrien,0.0,240,149,0,0,0,False,0.0,532,213,74,False,0.0,532,213,0,,None,45,461,129,p494521,0,0,None,0,,494521.jpg,0.0,535,213,0,73,False,0,0,Truffert,2.0,129,43,False,None,0,0,a,4,91,2025-06-16,0.0,509,212,0,0,0,0,0,0.0,0.0,Truffert,0
0,2006-10-17,0,0,True,True,None,None,0,0,541462,None,,0,0,0,0,0.0,453,180,0,None,,0,2,0.0,None,0,0.00,0,0.00,0,0.00,0.00,0,0,Matai,0.0,91,53,0,0,0,False,0.0,462,181,75,False,0.0,462,181,0,,None,40,631,194,p541462,0,0,None,0,,541462.jpg,0.0,465,181,0,229,False,0,0,Akinmboni,0.4,298,110,False,None,0,0,a,4,91,2025-01-03,0.0,427,176,0,0,0,0,0,0.0,0.0,Akinmboni,0
0,None,0,0,True,True,None,None,0,0,518906,None,,0,0,0,0,0.0,449,177,0,None,,0,2,0.0,None,0,0.00,0,0.00,0,0.00,0.00,0,0,Owen,0.0,87,50,0,0,0,False,0.0,458,178,76,False,0.0,458,178,0,,None,40,627,191,p518906,0,0,None,0,,518906.jpg,0.0,461,178,0,None,False,0,0,Bevan,0.4,287,103,False,None,0,0,a,4,91,None,0.0,423,173,0,0,0,0,0,0.0,0.0,Bevan,0
1,2002-01-10,0,55,True,True,None,None,1,0.2,463981,None,,0,0,0,0,38.4,294,109,0,None,,0,2,0.0,None,0,0.25,0.05,0.54,0.11,0.29,8.54,1.73,0.06,James,0.0,57,30,9,1.83,0,False,16.6,310,111,77,False,97.0,309,113,443,,None,40,597,171,p463981,0,0,None,0,,463981.jpg,1.7,278,97,0,241,False,0,0.0,Hill,0.6,229,79,False,None,6,1.22,a,4,91,2022-01-05,29.0,291,105,17,0,0,0,0,0.0,4.2,Hill,1
0,2001-08-13,0,20,True,True,None,None,0,0.0,436893,None,,0,0,0,0,30.6,305,116,0,None,,0,2,0.0,None,0,0.10,0.02,0.10,0.02,0.00,9.69,1.77,0.0,Julián,0.0,42,21,10,1.83,0,False,9.2,334,121,78,False,56.8,328,121,492,,None,40,582,162,p436893,0,0,None,0,,436893.jpg,1.0,340,121,0,139,False,0,0.0,Araujo Zúñiga,1.3,165,55,False,None,7,1.28,a,4,91,2024-08-13,4.0,332,125,12,0,0,0,0,0.0,3.0,J.Araujo,2
0,1997-11-05,0,0,True,True,None,None,0,0,223911,None,,0,0,0,0,0.0,402,148,0,None,,0,2,0.0,None,0,0.00,0,0.00,0,0.00,0.00,0,0,Chris,0.0,31,14,0,0,0,False,0.0,412,150,79,False,0.0,412,150,0,,None,40,571,155,p223911,0,0,None,0,,223911.jpg,0.0,415,150,0,244,False,0,0,Mepham,0.3,336,128,False,None,0,0,a,4,91,2019-01-22,0.0,370,140,0,0,0,0,0,0.0,0.0,Mepham,0
0,2005-02-16,0,8,True,True,None,None,0,0.0,575901,None,,0,0,0,0,1.8,359,134,0,None,,0,2,0.0,None,0,0.00,0.0,0.00,0.0,0.00,0.08,0.8,0.0,Julio,0.0,105,64,1,10.0,0,False,0.4,381,139,80,False,2.2,384,140,9,,None,40,645,205,p575901,0,0,None,0,,575901.jpg,1.0,348,128,0,10,False,0,0.0,Soler Barreto,0.4,314,117,False,None,0,0.0,a,4,91,2025-01-07,0.0,440,186,3,0,0,0,0,0.0,0.8,Soler,0
6,1999-05-05,14,532,True,True,None,None,13,0.5,222683,3,,0,0,0,0,654.1,41,36,0,None,,0,3,1.3,None,0,3.66,0.14,13.71,0.53,10.05,32.60,1.25,0.39,Justin,0.0,626,274,29,1.12,12,False,212.0,20,15,81,False,700.0,50,17,2339,,None,70,31,20,p222683,0,0,1,0,,222683.jpg,4.6,16,9,0,152,False,0,0.0,Kluivert,5.2,68,20,False,None,29,1.12,a,4,91,2023-07-01,771.0,27,15,158,0,0,0,0,0.0,22.6,Kluivert,8
7,2000-01-07,14,571,True,True,None,None,11,0.31,437730,None,,0,0,0,0,688.9,35,31,0,None,,0,3,1.3,None,0,4.43,0.12,13.94,0.39,9.51,44.18,1.24,0.27,Antoine,0.0,631,279,41,1.15,11,False,267.8,9,6,82,False,792.2,30,8,3202,,None,70,36,25,p437730,0,0,3,0,,437730.jpg,4.5,22,12,0,81,False,0,0.0,Semenyo,5.5,66,19,False,None,36,1.01,a,4,91,2023-01-27,1204.0,4,2,165,0,0,0,0,0.0,23.6,Semenyo,9
4,2002-02-11,7,432,True,True,None,None,7,0.32,533463,None,,0,0,0,0,496.8,71,57,0,4,,0,3,1.1,None,0,3.24,0.15,11.66,0.53,8.42,31.96,1.44,0.38,Dango,0.0,585,244,23,1.04,7,False,187.2,46,34,83,False,624.6,77,31,1998,,None,60,107,74,p533463,0,0,None,0,,533463.jpg,3.5,89,44,0,35,False,0,0.0,Ouattara,0.2,391,119,False,None,21,0.95,a,4,91,2023-01-19,754.0,29,17,111,0,0,0,0,0.0,18.5,O.Dango,3
7,1999-03-22,4,362,True,True,None,None,4,0.19,201658,1,,0,0,0,0,664.8,39,34,0,1,,0,3,1.0,None,0,3.65,0.17,9.16,0.43,5.51,25.42,1.18,0.26,Marcus,0.0,483,181,29,1.35,3,False,155.4,67,47,84,False,447.0,141,61,1932,,None,55,136,90,p201658,0,0,None,0,,201658.jpg,3.0,134,62,0,241,False,0,0.0,Tavernier,0.5,273,90,False,None,20,0.93,a,4,91,2022-08-01,442.0,68,47,87,0,0,0,0,0.0,15.8,Tavernier,6
3,1999-02-14,1,315,True,True,None,None,6,0.28,200785,None,,0,0,0,0,261.2,140,98,0,None,,0,3,0.5,None,0,0.76,0.03,2.09,0.09,1.33,29.26,1.34,0.06,Tyler,0.0,357,100,30,1.38,0,False,75.9,182,98,85,False,411.8,152,68,1959,,None,50,244,155,p200785,0,0,None,0,,200785.jpg,2.1,230,100,0,229,False,0,0.0,Adams,0.2,416,133,False,None,21,0.96,a,4,91,2023-08-20,83.0,236,131,58,0,0,0,0,0.0,11.6,Adams,7
1,1997-07-08,2,204,True,True,None,None,3,0.29,111317,5,,0,0,0,0,316.7,114,81,0,None,,0,3,0.5,None,0,2.02,0.19,4.60,0.44,2.58,15.03,1.44,0.25,David,0.0,333,84,12,1.15,2,False,80.4,168,91,86,False,193.6,257,121,941,,None,50,220,139,p111317,0,0,None,0,,111317.jpg,1.8,270,122,0,244,False,0,0.0,Brooks,0.1,476,162,False,None,9,0.86,a,4,91,2018-07-01,300.0,101,70,52,0,0,0,0,0.0,10.4,Brooks,3
3,1995-02-22,5,435,True,True,None,None,8,0.34,158499,4,,0,0,0,0,576.8,55,47,0,None,,0,3,0.5,None,0,2.90,0.12,5.04,0.21,2.14,30.17,1.28,0.09,Ryan,0.0,338,89,28,1.19,2,False,139.6,83,57,87,False,514.0,119,51,2114,,None,50,225,144,p158499,0,0,None,0,,158499.jpg,2.6,170,72,0,243,False,0,0.0,Christie,0.5,255,85,False,None,27,1.15,a,4,91,2021-08-31,303.0,99,69,76,0,0,0,0,0.0,15.2,Christie,9
4,1997-02-03,3,500,True,True,0,None,5,0.15,155408,2,,0,0,0,0,727.1,30,28,0,None,,0,3,0.0,None,0,3.76,0.11,4.70,0.14,0.94,45.25,1.37,0.03,Lewis,0.0,337,88,44,1.33,1,False,144.9,75,53,88,False,607.0,85,34,2976,Suspended until 30 Aug,2025-07-21T10:00:04.780951Z,50,224,143,p155408,0,0,None,0,,155408.jpg,2.3,206,90,1,241,False,0,0.0,Cook,0.0,655,295,False,None,32,0.97,s,4,91,2016-07-08,114.0,210,121,82,0,0,0,0,0.0,16.4,Cook,8
0,1996-06-11,0,52,True,True,None,None,0,0.0,168991,None,,0,0,0,0,102.4,235,137,0,None,,0,3,0.5,None,0,0.97,0.5,1.52,0.78,0.55,3.35,1.71,0.28,Philip,0.0,342,92,4,2.05,0,False,20.4,305,147,89,False,54.0,329,154,176,,None,50,229,147,p168991,0,0,None,0,,168991.jpg,1.0,367,169,0,58,False,0,0.0,Billing,0.1,549,205,False,None,1,0.51,a,4,91,2019-07-29,47.0,268,143,10,0,0,0,0,0.0,2.0,Philip,1
0,2003-08-21,0,132,True,True,None,None,3,0.36,503139,None,,0,0,0,0,171.6,192,125,0,5,,0,3,0.5,None,0,1.00,0.12,1.73,0.21,0.73,10.14,1.22,0.09,Alex,0.0,432,145,8,0.97,0,False,43.2,253,130,90,False,141.6,282,132,745,,None,50,319,200,p503139,0,0,None,0,,503139.jpg,1.3,324,154,0,241,False,0,0.0,Scott,0.1,500,175,False,None,8,0.97,a,4,91,2023-08-10,118.0,206,119,26,0,0,0,0,0.0,5.2,Scott,3
1,1999-06-17,2,90,True,True,None,None,0,0.0,224995,None,,0,0,0,0,115.3,224,135,0,None,,0,3,0.5,None,0,1.29,0.51,2.47,0.97,1.18,4.08,1.6,0.46,Luis,0.0,380,112,4,1.57,1,False,42.3,255,131,91,False,112.0,297,144,229,,None,50,267,167,p224995,0,0,None,0,,224995.jpg,1.9,259,117,0,48,False,0,0.0,Sinisterra Lucumí,0.3,377,116,False,None,1,0.39,a,4,91,2024-06-14,195.0,157,103,23,0,0,0,0,0.0,4.6,Sinisterra,0
0,1998-07-14,0,0,True,True,None,None,0,0,441240,None,,0,0,0,0,0.0,505,193,0,None,,0,3,0.0,None,0,0.00,0,0.00,0,0.00,0.00,0,0,Romain,0.0,203,12,0,0,0,False,0.0,509,193,92,False,0.0,509,193,0,,None,45,424,233,p441240,0,0,None,0,,441240.jpg,0.0,512,194,0,73,False,0,0,Faivre,0.3,333,107,False,None,0,0,a,4,91,2023-07-13,0.0,485,185,0,0,0,0,0,0.0,0.0,Faivre,0
0,2000-02-16,0,0,True,True,None,None,0,0,424044,None,,0,0,0,0,0.0,499,189,0,None,,0,3,0.0,None,0,0.00,0,0.00,0,0.00,0.00,0,0,Hamed,0.0,196,8,0,0,0,False,0.0,503,189,93,False,0.0,503,189,0,,None,45,417,229,p424044,0,0,None,0,,424044.jpg,0.0,506,190,0,54,False,0,0,Traorè,0.3,355,111,False,None,0,0,a,4,91,2023-07-01,0.0,479,181,0,0,0,0,0,0.0,0.0,H.Traorè,0
0,None,0,0,True,True,None,None,0,0,550596,None,,0,0,0,0,0.0,553,228,0,None,,0,3,0.0,None,0,0.00,0,0.00,0,0.00,0.00,0,0,Dominic,0.0,275,53,0,0,0,False,0.0,557,228,94,False,0.0,557,228,0,,None,45,496,274,p550596,0,0,None,0,,550596.jpg,0.0,559,229,0,None,False,0,0,Sadi,0.1,592,241,False,None,0,0,a,4,91,None,0.0,536,221,0,0,0,0,0,0.0,0.0,Sadi,0
0,2005-07-09,0,5,True,True,None,None,0,0.0,530121,None,,0,0,0,0,1.0,362,177,0,None,,0,3,0.0,None,0,0.00,0.0,0.00,0.0,0.00,0.04,3.6,0.0,Zain,0.0,257,40,0,0.0,0,False,0.3,384,181,95,False,2.0,387,182,1,,None,45,478,261,p530121,0,0,None,0,,530121.jpg,1.0,357,162,0,241,False,0,0.0,Silcott-Duberry,0.6,232,75,False,None,0,0.0,a,4,91,2025-01-17,0.0,521,210,1,0,0,0,0,0.0,0.2,Silcott-Duberry,0
0,None,0,14,True,True,None,None,0,0.0,606775,None,,0,0,0,0,0.2,375,183,0,None,,0,3,0.0,None,0,0.00,0.0,0.00,0.0,0.00,0.16,0.65,0.0,Ben,0.0,310,73,0,0.0,0,False,0.4,382,179,96,False,2.4,382,180,22,,None,45,531,294,p606775,0,0,None,0,,606775.jpg,1.0,365,167,0,None,False,0,0.0,Winterburn,0.1,567,220,False,None,0,0.0,a,4,91,None,2.0,341,174,4,0,0,0,0,0.0,0.9,Winterburn,0
5,1999-10-06,20,487,True,True,None,None,11,0.43,444102,None,,0,0,0,0,331.9,107,10,0,None,,0,4,1.3,None,0,1.74,0.07,14.21,0.55,12.47,26.78,1.04,0.48,Francisco Evanilson,0.0,632,58,30,1.17,10,False,174.8,56,11,97,False,456.0,137,16,2317,,None,70,37,12,p444102,0,1,2,0,,444102.jpg,4.1,39,11,1,30,False,0,0.0,de Lima Barbosa,2.9,104,20,False,None,28,1.09,a,4,91,2024-08-16,966.0,13,8,128,0,0,0,0,0.0,18.3,Evanilson,1
1,1997-05-10,4,97,True,True,0,None,2,0.55,168636,None,,0,0,0,0,56.1,271,27,0,2,,0,4,0.0,None,0,0.26,0.07,2.99,0.81,2.73,6.38,1.74,0.74,Enes,0.0,474,32,3,0.82,2,False,35.9,269,26,98,False,104.0,305,26,330,Knee injury - Unknown return date,2025-07-21T10:00:04.802496Z,55,127,27,p168636,0,0,None,0,,168636.jpg,1.9,263,26,0,219,False,0,0.0,Ünal,0.0,654,69,False,None,2,0.55,i,4,91,2024-07-01,207.0,144,26,32,0,0,0,0,0.0,5.8,Enes Ünal,2
0,None,0,0,True,True,None,None,0,0,590760,None,,0,0,0,0,0.0,574,51,0,None,,0,4,0.0,None,0,0.00,0,0.00,0,0.00,0.00,0,0,Daniel,0.0,301,18,0,0,0,False,0.0,578,51,99,False,0.0,578,51,0,,None,45,522,66,p590760,0,0,None,0,,590760.jpg,0.0,579,51,0,None,False,0,0,Adu-Adjei,0.4,275,51,False,None,0,0,a,4,91,None,0.0,558,51,0,0,0,0,0,0.0,0.0,Adu-Adjei,0
0,2006-06-23,0,0,True,True,None,None,0,0,560262,None,,0,0,0,0,0.0,560,45,0,None,,0,4,0.0,None,0,0.00,0,0.00,0,0.00,0.00,0,0,Eli Junior,0.0,283,12,0,0,0,False,0.0,564,45,100,False,0.0,564,45,0,,None,45,504,60,p560262,0,0,None,0,,560262.jpg,0.0,565,45,0,73,False,0,0,Kroupi,2.1,127,25,False,None,0,0,a,4,91,2025-02-02,0.0,543,45,0,0,0,0,0,0.0,0.0,Kroupi.Jr,0
0,1998-11-23,1,156,True,True,None,None,4,0.4,200720,None,,0,0,0,0,0.0,488,63,0,None,,0,1,2.3,None,0,0.00,0.0,0.00,0.0,0.00,11.09,1.11,0.0,Caoimhín,0.0,163,51,12,1.2,0,False,22.4,300,18,101,False,224.2,230,18,900,,None,45,384,23,p200720,0,0,None,1,,200720.jpg,4.5,20,3,0,104,False,27,2.7,Kelleher,32.1,6,1,False,None,10,1.0,a,5,94,2025-06-03,0.0,467,52,45,0,0,0,0,0.0,10.0,Kelleher,0
0,1999-10-15,0,0,True,True,None,None,0,0,235448,None,,0,0,0,0,0.0,405,36,0,None,,0,1,1.0,None,0,0.00,0,0.00,0,0.00,0.00,0,0,Ellery,0.0,34,19,0,0,0,False,0.0,415,45,102,False,0.0,415,45,0,,None,40,574,50,p235448,0,0,None,0,,235448.jpg,0.0,418,45,0,241,False,0,0,Balcombe,0.3,329,44,False,None,0,0,a,5,94,2016-11-02,0.0,373,21,0,0,0,0,0,0.0,0.0,Balcombe,0
0,2003-05-02,0,0,True,True,None,None,0,0,503300,None,,0,0,0,0,0.0,444,52,0,None,,0,1,1.0,None,0,0.00,0,0.00,0,0.00,0.00,0,0,Matthew,0.0,79,36,0,0,0,False,0.0,454,61,103,False,0.0,454,61,0,,None,40,619,67,p503300,0,0,None,0,,503300.jpg,0.0,458,61,0,241,False,0,0,Cox,0.2,405,52,False,None,0,0,a,5,94,2021-10-26,0.0,416,38,0,0,0,0,0,0.0,0.0,Cox,0
0,None,0,0,True,True,None,None,0,0,535017,None,,0,0,0,0,0.0,452,53,0,None,,0,1,1.0,None,0,0.00,0,0.00,0,0.00,0.00,0,0,Julian,0.0,90,38,0,0,0,False,0.0,461,62,104,False,0.0,461,62,0,,None,40,630,69,p535017,0,0,None,0,,535017.jpg,0.0,464,62,0,None,False,0,0,Eyestone,0.1,478,64,False,None,0,0,a,5,94,None,0.0,426,40,0,0,0,0,0,0.0,0.0,Eyestone,0
0,2001-10-13,0,14,True,True,None,None,0,0.0,507433,None,,0,0,0,0,0.1,376,17,0,None,,0,1,1.0,None,0,0.00,0.0,0.00,0.0,0.00,1.49,0.93,0.0,Hákon Rafn,0.0,80,37,2,1.25,0,False,2.1,366,28,105,False,21.4,352,28,144,,None,40,620,68,p507433,0,0,None,0,,507433.jpg,1.0,342,30,0,99,False,3,1.88,Valdimarsson,2.4,121,20,False,None,1,0.62,a,5,94,2024-01-26,0.0,417,39,2,0,0,0,0,0.0,0.5,Valdimarsson,0
7,2001-04-30,11,549,True,True,None,None,8,0.21,432830,None,,0,0,0,0,160.5,199,53,0,None,,0,2,2.6,None,0,1.57,0.04,4.01,0.1,2.44,56.31,1.48,0.06,Nathan,0.0,396,180,57,1.5,2,False,149.6,72,8,106,False,1023.2,6,1,3420,,None,50,283,50,p432830,0,0,None,0,,432830.jpg,3.3,109,25,0,104,False,0,0.0,Collins,1.4,157,54,False,None,38,1.0,a,5,94,2023-07-04,311.0,96,8,127,0,0,0,0,0.0,25.4,Collins,5
5,2001-02-22,0,460,True,True,None,None,8,0.23,249231,None,,0,0,0,0,462.2,76,13,0,4,,0,2,2.6,None,0,4.94,0.14,7.90,0.23,2.96,50.62,1.47,0.09,Keane,0.0,390,179,49,1.43,1,False,139.9,82,10,107,False,542.0,108,37,3092,,None,50,277,49,p249231,0,0,None,0,,249231.jpg,2.5,183,63,0,241,False,0,0.0,Lewis-Potter,0.4,307,114,False,None,36,1.05,a,5,94,2022-07-12,391.0,81,4,94,0,0,0,0,0.0,18.8,Lewis-Potter,7
0,1998-04-17,0,120,True,True,None,None,3,0.19,191866,None,,0,0,0,0,128.1,214,61,0,None,,0,2,1.9,None,0,0.48,0.03,1.45,0.09,0.97,21.70,1.36,0.06,Kristoffer,0.0,158,103,25,1.57,0,False,48.5,239,74,108,False,199.0,252,94,1433,,None,45,379,83,p191866,0,0,None,0,,191866.jpg,1.6,290,103,0,161,False,0,0.0,Ajer,0.2,429,175,False,None,17,1.07,a,5,94,2021-07-21,158.0,178,45,39,0,0,0,0,0.0,8.7,Ajer,5
0,1997-07-08,0,5,True,True,None,None,0,0.0,194010,None,,0,0,0,0,2.1,358,133,0,None,,0,2,1.9,None,0,0.01,0.01,0.01,0.01,0.00,2.16,2.07,0.0,Rico,0.0,160,105,3,2.87,0,False,1.7,370,133,109,False,13.6,360,133,94,,None,45,381,85,p194010,0,0,None,0,,194010.jpg,0.8,386,137,0,241,False,0,0.0,Henry,0.2,435,177,False,None,0,0.0,a,5,94,2016-08-31,2.0,340,130,4,0,0,0,0,0.0,0.9,Henry,0
1,2004-07-10,0,115,True,True,None,None,2,0.34,607464,None,,0,0,0,0,105.2,234,75,0,None,,0,2,1.9,None,0,0.70,0.12,0.89,0.15,0.19,6.66,1.15,0.03,Michael,0.0,311,159,5,0.86,0,False,24.2,293,104,110,False,105.2,303,110,523,,None,45,532,139,p607464,0,0,None,0,,607464.jpg,2.2,218,77,0,106,False,0,0.0,Kayode,0.4,296,108,False,None,6,1.03,a,5,94,2025-07-01,30.0,288,103,27,0,0,0,0,0.0,6.0,Kayode,2
0,1993-05-29,0,233,True,True,None,None,2,0.09,231065,None,,0,0,0,0,101.2,237,76,0,None,,0,2,1.9,None,0,0.64,0.03,1.72,0.08,1.08,34.33,1.62,0.05,Ethan,0.0,183,123,35,1.65,2,False,83.6,160,47,111,False,540.2,109,38,1912,,None,45,404,103,p231065,1,0,None,0,,231065.jpg,2.1,228,81,0,107,False,0,0.0,Pinnock,0.3,358,141,False,None,21,0.99,a,5,94,2019-07-02,193.0,158,29,47,0,0,0,0,0.0,10.4,Pinnock,2
2,1999-06-24,0,125,True,True,None,None,2,0.16,226956,None,,0,0,0,0,185.8,183,42,0,None,,0,2,1.9,None,0,2.09,0.17,2.29,0.19,0.20,21.52,1.76,0.02,Mads,0.0,180,122,20,1.64,0,False,48.0,241,76,112,False,214.4,239,85,1100,,None,45,401,102,p226956,0,0,None,0,,226956.jpg,1.9,254,89,0,58,False,0,0.0,Roerslev Rasmussen,0.1,569,209,False,None,11,0.9,a,5,94,2019-10-27,78.0,240,80,36,0,0,0,0,0.0,8.0,Roerslev,2
1,2001-12-20,1,266,True,True,None,None,5,0.17,444765,None,,0,0,0,0,108.3,232,73,0,None,,0,2,1.9,None,0,0.52,0.02,2.61,0.09,2.09,44.61,1.55,0.07,Sepp,0.0,206,137,49,1.71,0,False,92.3,141,38,113,False,587.4,94,30,2584,,None,45,427,117,p444765,0,0,None,0,,444765.jpg,2.0,243,86,0,152,False,0,0.0,van den Berg,0.4,284,101,False,None,29,1.01,a,5,94,2024-08-22,226.0,133,21,62,0,0,0,0,0.0,13.8,Van den Berg,3
0,None,0,0,True,True,None,None,0,0,622536,None,,0,0,0,0,0.0,475,197,0,None,,0,2,1.0,None,0,0.00,0,0.00,0,0.00,0.00,0,0,Benjamin,0.0,121,78,0,0,0,False,0.0,484,198,114,False,0.0,484,198,0,,None,40,661,219,p622536,0,0,None,0,,622536.jpg,0.0,487,198,0,None,False,0,0,Arthur,0.4,306,113,False,None,0,0,a,5,94,None,0.0,452,196,0,0,0,0,0,0.0,0.0,Arthur,0
0,None,0,0,True,True,None,None,0,0,612534,None,,0,0,0,0,0.0,474,196,0,None,,0,2,1.0,None,0,0.00,0,0.00,0,0.00,0.00,0,0,Benjamin,0.0,120,77,0,0,0,False,0.0,483,197,115,False,0.0,483,197,0,,None,40,660,218,p612534,0,0,None,0,,612534.jpg,0.0,486,197,0,None,False,0,0,Fredrick,0.3,375,153,False,None,0,0,a,5,94,None,0.0,451,195,0,0,0,0,0,0.0,0.0,Fredrick,0
0,2002-06-10,0,0,True,True,None,None,0,0,472713,None,,0,0,0,0,0.0,428,163,0,None,,0,2,1.0,None,0,0.00,0,0.00,0,0.00,0.00,0,0,Aaron,0.0,60,32,0,0,0,False,0.0,438,165,116,False,0.0,438,165,0,,None,40,600,173,p472713,0,0,None,0,,472713.jpg,0.0,441,165,0,243,False,0,0,Hickey,1.0,184,62,False,None,0,0,a,5,94,2022-07-09,0.0,397,156,0,0,0,0,0,0.0,0.0,Hickey,0
0,2004-12-24,0,8,True,True,None,None,0,0.0,570241,None,,0,0,0,0,0.8,363,136,0,None,,0,2,1.0,None,0,0.00,0.0,0.00,0.0,0.00,0.32,1.03,0.0,Kim,0.0,104,63,0,0.0,0,False,0.6,379,138,117,False,5.0,373,138,28,,None,40,644,204,p570241,0,0,None,0,,570241.jpg,1.0,347,127,0,114,False,0,0.0,Ji-soo,0.3,369,149,False,None,0,0.0,a,5,94,2023-07-20,0.0,439,185,3,0,0,0,0,0.0,0.8,Ji-soo,0
0,None,0,3,True,True,None,None,0,0.0,499717,None,,0,0,0,0,0.3,371,140,0,None,,0,2,1.0,None,0,0.00,0.0,0.00,0.0,0.00,0.14,3.15,0.0,Jayden,0.0,78,43,0,0.0,0,False,0.1,389,142,118,False,0.2,389,142,4,,None,40,618,184,p499717,0,0,None,0,,499717.jpg,1.0,341,122,0,None,False,0,0.0,Meghoma,0.3,387,159,False,None,0,0.0,a,5,94,None,0.0,415,167,1,0,0,0,0,0.0,0.2,Meghoma,0
4,2001-11-27,12,498,True,True,None,None,10,0.39,513418,None,,0,0,0,0,312.7,116,83,0,None,,0,3,2.3,None,0,1.75,0.07,10.20,0.4,8.45,30.66,1.21,0.33,Kevin,0.0,636,283,34,1.34,11,False,183.3,50,36,120,False,630.8,70,27,2281,,None,70,41,29,p513418,0,0,None,0,,513418.jpg,3.9,55,27,0,80,False,0,0.0,Schade,2.5,116,36,False,None,26,1.03,a,5,94,2023-07-01,892.0,19,10,149,0,0,0,0,0.0,21.3,Schade,3
10,2000-07-03,10,611,True,True,None,None,11,0.34,440089,2,,0,0,0,0,1006.4,6,6,0,3,,0,3,2.1,None,0,7.01,0.22,9.92,0.31,2.91,45.60,1.41,0.09,Mikkel,0.0,575,240,41,1.27,2,False,205.9,27,22,121,False,714.8,48,15,2911,,None,60,97,70,p440089,0,0,None,0,,440089.jpg,3.4,104,51,0,58,False,0,0.0,Damsgaard,1.4,160,54,False,None,34,1.05,a,5,94,2022-08-10,338.0,91,62,131,0,0,0,0,0.0,21.8,Damsgaard,2
0,2005-04-03,0,0,True,True,None,None,0,0,543295,None,,0,0,0,0,0.0,651,293,0,None,,0,3,2.0,None,0,0.00,0,0.00,0,0.00,0.00,0,0,Antoni,0.0,544,219,0,0,0,False,0.0,651,293,122,False,0.0,651,293,0,,None,55,197,128,p543295,0,0,None,0,,543295.jpg,0.0,651,293,0,152,False,0,0,Milambo,0.1,547,203,False,None,0,0,a,5,94,2025-07-03,0.0,649,291,0,0,0,0,0,0.0,0.0,Milambo,0
1,2002-08-30,1,127,True,True,None,None,0,0.0,244858,None,,0,0,0,0,71.5,258,145,0,None,,0,3,1.5,None,0,0.54,0.11,3.03,0.62,2.49,11.46,2.33,0.51,Fábio,0.0,387,117,14,2.84,2,False,36.3,267,135,123,False,142.2,281,131,443,,None,50,274,172,p244858,0,0,None,0,,244858.jpg,1.8,272,124,0,173,False,0,0.0,Freitas Gouveia Carvalho,0.4,311,99,False,None,3,0.61,a,5,94,2024-08-12,154.0,182,109,35,0,0,0,0,0.0,7.0,Carvalho,1
0,1990-06-17,0,0,True,True,None,None,0,0,56979,None,,0,0,0,0,0.0,586,246,0,None,,0,3,1.5,None,0,0.00,0,0.00,0,0.00,0.00,0,0,Jordan,0.0,321,80,0,0,0,False,0.0,590,246,124,False,0.0,590,246,0,,None,50,208,135,p56979,0,0,None,0,,56979.jpg,0.0,591,247,0,241,False,0,0,Henderson,0.5,259,87,False,None,0,0,a,5,94,2025-07-15,0.0,571,241,0,0,0,0,0,0.0,0.0,Henderson,0
3,1998-05-10,2,384,True,True,None,None,6,0.24,204580,None,,0,0,0,0,284.2,129,90,0,None,,0,3,1.5,None,0,2.38,0.1,3.21,0.13,0.83,37.37,1.49,0.03,Vitaly,0.0,359,101,38,1.52,1,False,77.2,175,95,125,False,356.6,175,81,2251,,None,50,246,156,p204580,2,0,None,0,,204580.jpg,2.3,207,91,0,80,False,0,0.0,Janelt,0.2,449,145,False,None,27,1.08,a,5,94,2020-10-03,131.0,195,115,73,0,0,0,0,0.0,14.6,Janelt,3
2,1996-01-01,1,179,True,True,None,None,2,0.21,207283,3,,0,0,0,0,249.5,147,101,0,None,,0,3,1.5,None,0,1.75,0.19,1.98,0.21,0.23,16.41,1.75,0.02,Mathias,0.0,363,104,17,1.81,0,False,43.8,251,129,126,False,157.0,274,128,846,,None,50,250,159,p207283,0,0,None,0,,207283.jpg,1.6,293,135,0,58,False,0,0.0,Jensen,0.1,490,168,False,None,8,0.85,a,5,94,2019-07-10,32.0,282,150,38,0,0,0,0,0.0,7.6,Jensen,2
0,2005-11-20,0,11,True,True,None,None,0,0.0,626464,None,,0,0,0,0,0.3,374,182,0,None,,0,3,1.5,None,0,0.00,0.0,0.00,0.0,0.00,0.35,2.86,0.0,Gustavo,0.0,454,164,2,16.36,0,False,1.2,376,177,127,False,10.0,363,170,11,,None,50,341,219,p626464,0,0,None,0,,626464.jpg,1.0,374,175,0,30,False,0,0.0,Nunes Fernandes Gomes,0.1,579,230,False,None,0,0.0,a,5,94,2024-08-28,2.0,342,175,3,0,0,0,0,0.0,0.6,Nunes,0
0,1998-01-01,0,3,True,True,None,None,0,0.0,428580,None,,0,0,0,0,0.5,367,179,0,None,,0,3,1.5,None,0,0.02,0.08,0.02,0.08,0.00,0.69,2.7,0.0,Frank,0.0,393,122,0,0.0,0,False,0.0,604,257,128,False,0.0,604,257,23,,None,50,280,177,p428580,0,0,None,0,,428580.jpg,1.0,368,170,0,157,False,0,0.0,Onyeka,0.1,602,247,False,None,0,0.0,a,5,94,2021-07-20,0.0,593,252,2,0,0,0,0,0.0,0.4,Onyeka,0
0,2004-03-01,0,255,True,True,None,None,3,0.19,508395,None,,0,0,0,0,196.1,176,119,0,None,,0,3,1.5,None,0,0.91,0.06,1.53,0.1,0.62,26.43,1.66,0.04,Yehor,0.0,433,146,25,1.57,0,False,54.4,231,124,129,False,259.6,218,105,1435,,None,50,320,201,p508395,0,0,None,0,,508395.jpg,1.4,320,151,0,225,False,0,0.0,Yarmoliuk,0.1,568,221,False,None,15,0.94,a,5,94,2022-10-28,89.0,232,129,43,0,0,0,0,0.0,8.6,Yarmoliuk,6
0,2006-11-30,0,0,True,True,None,None,0,0,606689,None,,0,0,0,0,0.0,579,242,0,None,,0,3,1.0,None,0,0.00,0,0.00,0,0.00,0.00,0,0,Romelle,0.0,309,72,0,0,0,False,0.0,583,242,130,False,0.0,583,242,0,,None,45,530,293,p606689,0,0,None,0,,606689.jpg,0.0,584,243,0,241,False,0,0,Donovan,0.1,509,178,False,None,0,0,a,5,94,2025-07-01,0.0,564,237,0,0,0,0,0,0.0,0.0,Donovan,0
0,2006-01-10,0,30,True,True,None,None,0,0.0,628204,None,,0,0,0,0,4.5,353,174,0,None,,0,3,1.0,None,0,0.00,0.0,0.15,0.25,0.15,1.79,3.04,0.25,Yunus Emre,0.0,318,78,2,3.4,0,False,1.2,375,176,131,False,8.0,367,172,53,,None,45,539,299,p628204,0,0,None,0,,628204.jpg,1.0,366,168,0,219,False,0,0.0,Konak,0.2,450,146,False,None,0,0.0,a,5,94,2024-01-11,3.0,338,173,10,0,0,0,0,0.0,2.2,Konak,0
0,2001-05-08,0,32,True,True,None,None,0,0.0,220695,None,,0,0,0,0,15.8,329,169,0,None,,0,3,1.0,None,0,0.04,0.03,0.16,0.13,0.12,1.89,1.52,0.1,Paris,0.0,174,5,1,0.8,0,False,5.4,352,167,132,False,27.8,345,161,112,,None,45,395,226,p220695,0,0,None,0,,220695.jpg,1.0,352,159,0,241,False,0,0.0,Maghoma,0.1,563,217,False,None,0,0.0,a,5,94,2020-08-01,10.0,321,166,8,0,0,0,0,0.0,1.8,Maghoma,0
0,2002-09-18,0,0,True,True,None,None,0,0,450539,None,,0,0,0,0,0.0,509,196,0,None,,0,3,1.0,None,0,0.00,0,0.00,0,0.00,0.00,0,0,Myles,0.0,210,15,0,0,0,False,0.0,513,196,133,False,0.0,513,196,0,,None,45,431,236,p450539,0,0,None,0,,450539.jpg,0.0,516,197,0,241,False,0,0,Peart-Harris,0.1,632,276,False,None,0,0,a,5,94,2021-07-23,0.0,489,188,0,0,0,0,0,0.0,0.0,Peart-Harris,0
0,2003-03-12,0,5,True,True,None,None,0,0.0,591357,None,,0,0,0,0,0.1,377,184,0,None,,0,3,1.0,None,0,0.00,0.0,0.00,0.0,0.00,0.00,0.0,0.0,Ryan,0.0,302,68,0,0.0,0,False,0.3,385,182,134,False,2.6,381,179,3,,None,45,523,289,p591357,0,0,None,0,,591357.jpg,1.0,363,166,0,241,False,0,0.0,Trevitt,0.1,621,265,False,None,0,0.0,a,5,94,2024-01-08,0.0,559,233,1,0,0,0,0,0.0,0.2,Trevitt,0
6,1996-09-03,32,739,True,True,None,None,9,0.28,216646,None,,0,0,0,0,400.0,92,5,0,None,,0,4,2.4,None,0,2.20,0.07,20.77,0.64,18.58,45.12,1.39,0.57,Yoane,0.0,639,61,45,1.39,18,False,242.4,12,4,135,False,849.4,19,4,2921,,None,75,20,8,p216646,0,0,4,0,,216646.jpg,5.3,9,5,0,50,False,0,0.0,Wissa,9.4,46,9,False,None,34,1.05,a,5,94,2021-08-10,1181.0,5,3,185,0,0,0,0,0.0,24.7,Wissa,5
0,2001-06-26,0,32,True,True,None,None,0,0.0,502500,None,,0,0,0,0,30.6,306,29,0,None,,0,4,2.0,None,0,0.04,0.02,0.17,0.09,0.13,3.54,1.91,0.07,Igor Thiago,0.0,584,47,4,2.16,0,False,5.8,351,31,136,False,18.2,356,31,167,,None,60,106,25,p502500,0,0,None,0,,502500.jpg,1.1,335,32,0,30,False,0,0.0,Nascimento Rodrigues,0.7,213,43,False,None,1,0.54,a,5,94,2024-07-01,12.0,318,34,9,0,0,0,0,0.0,1.5,Thiago,0
0,None,0,0,True,True,None,None,0,0,533710,None,,0,0,0,0,0.0,543,41,0,None,,0,4,1.0,None,0,0.00,0,0.00,0,0.00,0.00,0,0,Iwan,0.0,262,8,0,0,0,False,0.0,547,41,137,False,0.0,547,41,0,,None,45,483,56,p533710,0,0,None,0,,533710.jpg,0.0,549,42,0,None,False,0,0,Morgan,0.6,237,46,False,None,0,0,a,5,94,None,0.0,526,41,0,0,0,0,0,0.0,0.0,Morgan,0
0,1990-08-18,1,46,True,True,None,None,1,0.5,49262,None,,0,0,0,0,0.0,478,59,0,None,,0,1,2.3,None,0,0.00,0.0,0.00,0.0,0.00,1.88,0.94,0.0,Jason,0.0,125,44,1,0.5,0,False,4.1,357,27,138,False,40.4,337,27,180,,None,45,346,16,p49262,0,0,None,0,,49262.jpg,4.5,19,2,0,241,False,3,1.5,Steele,0.4,286,39,False,None,2,1.0,a,6,36,2018-07-01,0.0,455,46,9,0,0,0,0,0.0,2.0,Steele,0
1,2002-08-18,6,366,True,True,None,None,7,0.19,489639,None,,0,0,0,0,10.0,347,15,0,None,,0,1,2.3,None,0,0.01,0.0,0.01,0.0,0.00,53.10,1.48,0.0,Bart,0.0,227,57,58,1.61,0,False,85.8,156,6,139,False,849.8,18,5,3240,,None,45,448,29,p489639,0,0,None,0,,489639.jpg,2.9,139,21,0,152,False,91,2.53,Verbruggen,6.3,62,9,False,None,36,1.0,a,6,36,2023-07-03,0.0,501,58,103,0,0,0,0,0.0,22.9,Verbruggen,5
0,2000-03-25,0,0,True,True,None,None,0,0,209288,None,,0,0,0,0,0.0,397,33,0,None,,0,1,1.0,None,0,0.00,0,0.00,0,0.00,0.00,0,0,Tom,0.0,25,16,0,0,0,False,0.0,408,43,140,False,0.0,408,43,0,,None,40,565,47,p209288,0,0,None,0,,209288.jpg,0.0,411,43,0,39,False,0,0,McGill,0.2,424,53,False,None,0,0,a,6,36,2021-02-02,0.0,364,18,0,0,0,0,0,0.0,0.0,McGill,0
0,2001-07-02,0,0,False,True,0,None,0,0,472739,None,,0,0,0,0,0.0,429,46,0,None,,0,1,0.0,None,0,0.00,0,0.00,0,0.00,0.00,0,0,Carl,0.0,61,29,0,0,0,False,0.0,439,55,141,False,0.0,439,55,0,Has joined Coventry City on loan for the rest of the season.,2025-07-25T14:54:18.206318Z,40,601,60,p472739,0,0,None,0,,472739.jpg,0.0,442,55,0,241,False,0,0,Rushworth,0.1,489,68,False,None,0,0,u,6,36,2023-07-01,0.0,398,31,0,0,0,0,0,0.0,0.0,Rushworth,0
0,2000-01-23,0,0,False,True,0,None,0,0,240514,None,,0,0,0,0,0.0,406,37,0,None,,0,1,0.0,None,0,0.00,0,0.00,0,0.00,0.00,0,0,Kjell,0.0,35,20,0,0,0,False,0.0,416,46,142,False,0.0,416,46,0,Has joined Union SG permanently,2025-07-25T14:53:26.961790Z,40,575,51,p240514,0,0,None,0,,240514.jpg,0.0,419,46,0,152,False,0,0,Scherpen,0.1,506,71,False,None,0,0,u,6,36,2021-07-16,0.0,374,22,0,0,0,0,0,0.0,0.0,Scherpen,0
0,1997-11-18,0,0,True,True,None,None,0,0,204120,None,,0,0,0,0,0.0,489,202,0,None,,0,2,1.9,None,0,0.00,0,0.00,0,0.00,0.00,0,0,Olivier,0.0,164,108,0,0,0,False,0.0,494,203,143,False,0.0,494,203,0,,None,45,385,88,p204120,0,0,None,0,,204120.jpg,0.0,497,203,0,73,False,0,0,Boscagli,0.2,443,180,False,None,0,0,a,6,36,2025-07-02,0.0,468,201,0,0,0,0,0,0.0,0.0,Boscagli,0
0,2003-12-28,0,0,True,True,None,None,0,0,550090,None,,0,0,0,0,0.0,551,213,0,None,,0,2,1.9,None,0,0.00,0,0.00,0,0.00,0.00,0,0,Diego,0.0,273,154,0,0,0,False,0.0,555,214,144,False,0.0,555,214,0,,None,45,494,134,p550090,0,0,None,0,,550090.jpg,0.0,557,214,0,106,False,0,0,Coppola,0.1,507,195,False,None,0,0,a,6,36,2025-06-17,0.0,534,213,0,0,0,0,0,0.0,0.0,Coppola,0
0,2000-12-22,0,0,True,True,None,None,0,0,465730,None,,0,0,0,0,0.0,516,209,0,None,,0,2,1.9,None,0,0.00,0,0.00,0,0.00,0.00,0,0,Maxim,0.0,218,140,0,0,0,False,0.0,520,210,145,False,0.0,520,210,0,,None,45,439,120,p465730,0,0,None,0,,465730.jpg,0.0,523,210,0,21,False,0,0,De Cuyper,10.2,43,16,False,None,0,0,a,6,36,2025-07-05,0.0,496,209,0,0,0,0,0,0.0,0.0,De Cuyper,0
1,1991-11-21,0,223,True,True,None,None,4,0.17,83299,None,,0,0,0,0,115.7,223,66,0,None,,0,2,1.9,None,0,1.02,0.04,1.83,0.08,0.81,35.69,1.54,0.04,Lewis,0.0,131,84,42,1.82,0,False,66.9,205,64,146,False,425.4,148,51,2081,,None,45,352,64,p83299,1,0,None,0,,83299.jpg,1.8,266,93,0,241,False,0,0.0,Dunk,0.9,198,66,False,None,23,0.99,a,6,36,2009-07-01,128.0,198,56,44,0,0,0,0,0.0,9.8,Dunk,5
1,1998-01-21,7,313,False,True,0,None,3,0.11,204214,None,,0,0,0,0,530.1,63,11,0,4,,0,2,0.0,None,0,2.43,0.09,3.52,0.13,1.09,39.85,1.49,0.04,Pervis,0.0,165,109,44,1.65,1,False,120.8,102,19,147,False,504.4,124,42,2399,Has joined AC Milan permanently,2025-07-24T10:14:09.955203Z,45,386,89,p204214,0,0,None,0,,204214.jpg,2.1,227,80,0,62,False,0,0.0,Estupiñán Tenorio,1.2,166,56,False,None,26,0.98,u,6,36,2022-07-16,173.0,169,37,63,0,0,0,0,0.0,14.0,Estupiñan,5
0,1999-10-07,0,59,True,True,None,None,2,0.47,231416,None,,0,0,0,0,83.7,249,87,0,None,,0,2,1.9,None,0,0.31,0.07,0.75,0.17,0.44,9.44,2.21,0.1,Ferdi,0.0,184,124,8,1.87,1,False,24.0,295,106,148,False,116.4,294,105,385,,None,45,405,104,p231416,0,0,None,0,,231416.jpg,3.2,118,29,0,219,False,0,0.0,Kadıoğlu,0.4,309,116,False,None,5,1.17,a,6,36,2024-08-27,40.0,272,97,19,0,0,0,0,0.0,4.2,F.Kadıoğlu,1
0,1998-02-07,0,113,True,True,None,None,1,0.09,223434,None,,0,0,0,0,54.7,273,97,0,None,,0,2,1.9,None,0,0.25,0.02,0.30,0.02,0.05,17.21,1.62,0.0,Igor Julio,0.0,177,119,17,1.6,0,False,24.9,291,103,149,False,189.6,259,96,959,,None,45,398,99,p223434,0,0,None,0,,223434.jpg,1.4,310,111,0,30,False,0,0.0,dos Santos de Paulo,0.1,534,202,False,None,10,0.94,a,6,36,2023-07-26,4.0,334,126,18,0,0,0,0,0.0,4.0,Igor,4
2,2000-09-30,1,99,True,True,None,None,2,0.21,232792,None,,0,0,0,0,101.0,238,77,0,None,,0,2,1.9,None,0,0.80,0.08,1.18,0.12,0.38,15.36,1.61,0.04,Tariq,0.0,187,126,21,2.21,2,False,36.8,264,90,150,False,213.6,240,86,856,,None,45,408,106,p232792,0,0,None,0,,232792.jpg,2.8,154,47,0,81,False,0,0.0,Lamptey,0.3,330,125,False,None,10,1.05,a,6,36,2020-01-31,52.0,261,94,42,0,0,0,0,0.0,9.3,Lamptey,0
1,2000-06-08,7,406,True,True,None,None,7,0.21,469142,None,,0,0,0,0,261.8,139,27,0,None,,0,2,1.9,None,0,1.41,0.04,2.73,0.08,1.32,44.67,1.36,0.04,Jan Paul,0.0,220,141,47,1.43,1,False,118.3,108,24,151,False,736.6,40,15,2960,,None,45,441,121,p469142,0,0,None,0,,469142.jpg,2.6,169,55,1,152,False,0,0.0,van Hecke,1.2,171,57,False,None,33,1.0,a,6,36,2020-09-10,182.0,164,32,87,0,0,0,0,0.0,19.3,Van Hecke,6
0,1992-01-15,7,249,True,True,None,None,6,0.32,111478,None,,0,0,0,0,147.2,206,58,0,None,,0,2,1.9,None,0,1.31,0.07,1.78,0.09,0.47,24.83,1.32,0.02,Joël,0.0,144,94,24,1.28,0,False,48.1,240,75,152,False,273.0,212,75,1694,,None,45,365,74,p111478,0,0,None,0,,111478.jpg,2.8,152,45,0,152,False,0,0.0,Veltman,0.2,394,163,False,None,19,1.01,a,6,36,2020-07-29,59.0,253,87,59,0,0,0,0,0.0,13.1,Veltman,5
1,1995-01-04,2,167,True,True,None,None,4,0.41,110735,None,,0,0,0,0,49.7,278,101,0,None,,0,2,1.9,None,0,0.28,0.03,0.53,0.06,0.25,14.26,1.45,0.03,Adam,0.0,143,93,11,1.12,0,False,30.2,284,101,153,False,198.4,253,95,885,,None,45,364,73,p110735,0,0,None,0,,110735.jpg,2.8,151,44,0,241,False,0,0.0,Webster,0.1,536,203,False,None,11,1.12,a,6,36,2019-08-03,55.0,259,92,39,0,0,0,0,0.0,8.7,Webster,1
0,2001-11-09,0,-2,True,True,None,None,0,0.0,439135,None,,0,0,0,0,0.6,365,137,0,None,,0,2,1.0,None,0,0.00,0.0,0.00,0.0,0.00,0.44,2.08,0.0,Eiran,0.0,44,23,2,9.47,0,False,0.7,378,137,154,False,7.0,368,135,19,,None,40,584,164,p439135,0,0,None,0,,439135.jpg,0.5,393,142,0,104,False,0,0.0,Cashin,0.3,335,127,False,None,0,0.0,a,6,36,2025-01-31,0.0,382,148,1,0,0,0,0,0.0,0.2,Cashin,0
0,None,0,0,True,True,None,None,0,0,589100,None,,0,0,0,0,0.0,470,192,0,None,,0,2,1.0,None,0,0.00,0,0.00,0,0.00,0.00,0,0,Jacob,0.0,113,70,0,0,0,False,0.0,479,193,155,False,0.0,479,193,0,,None,40,653,211,p589100,0,0,None,0,,589100.jpg,0.0,482,193,0,None,False,0,0,Slater,0.3,382,156,False,None,0,0,a,6,36,None,0.0,446,190,0,0,0,0,0,0.0,0.0,Slater,0
0,None,0,0,True,True,None,None,0,0,547720,None,,0,0,0,0,0.0,455,182,0,None,,0,2,1.0,None,0,0.00,0,0.00,0,0.00,0.00,0,0,Charlie,0.0,94,56,0,0,0,False,0.0,464,183,156,False,0.0,464,183,0,,None,40,634,197,p547720,0,0,None,0,,547720.jpg,0.0,467,183,0,None,False,0,0,Tasker,0.2,390,161,False,None,0,0,a,6,36,None,0.0,429,178,0,0,0,0,0,0.0,0.0,Tasker,0
5,1997-05-20,12,536,True,True,None,None,6,0.21,451340,None,,0,0,0,0,578.0,54,46,0,None,,0,3,2.2,None,0,4.03,0.14,13.22,0.46,9.19,37.05,1.28,0.32,Mitoma,0.0,612,263,40,1.39,10,False,210.7,21,16,157,False,670.6,61,23,2597,,None,65,65,47,p451340,0,0,None,0,,451340.jpg,4.0,43,22,0,108,False,0,0.0,Kaoru,5.6,65,18,False,None,28,0.97,a,6,36,2021-08-09,856.0,21,12,145,0,0,0,0,0.0,22.3,Mitoma,1
6,2002-04-20,1,288,True,True,None,None,6,0.33,463067,None,,0,0,0,0,281.8,132,92,0,None,,0,3,2.1,None,0,1.67,0.09,6.24,0.34,4.57,27.90,1.52,0.25,Georginio,0.0,579,241,29,1.58,5,False,103.0,128,78,158,False,355.4,177,83,1651,,None,60,101,71,p463067,0,0,None,0,,463067.jpg,3.4,106,52,0,73,False,0,0.0,Rutter,0.6,247,82,False,None,19,1.04,a,6,36,2024-08-19,404.0,77,54,95,0,0,0,0,0.0,15.8,Georginio,2
0,1994-07-20,0,25,True,True,None,None,0,0.0,109345,4,,0,0,0,0,59.6,266,149,0,None,,0,3,2.1,None,0,0.32,0.18,0.41,0.23,0.09,2.82,1.58,0.05,Solly,0.0,558,227,3,1.68,0,False,10.1,331,160,159,False,24.0,349,164,161,,None,60,80,57,p109345,0,0,None,0,,109345.jpg,0.9,382,182,0,241,False,0,0.0,March,0.1,488,167,False,None,1,0.56,a,6,36,2012-07-01,18.0,305,160,7,0,0,0,0,0.0,1.2,March,2
5,2004-07-22,8,398,True,True,None,None,4,0.2,592031,None,,0,0,0,0,448.9,80,64,0,None,,0,3,2.1,None,0,4.99,0.25,9.12,0.45,4.13,28.41,1.4,0.2,Yankuba,0.0,588,245,33,1.62,6,False,159.1,62,45,160,False,523.8,114,47,1831,,None,60,110,75,p592031,0,0,None,0,,592031.jpg,3.2,121,57,0,78,False,0,0.0,Minteh,0.8,203,66,False,None,20,0.98,a,6,36,2024-07-01,615.0,47,30,102,0,0,0,0,0.0,17.0,Minteh,6
3,2004-01-23,5,224,True,True,None,None,2,0.16,474120,None,,0,0,0,0,268.9,135,94,0,None,,0,3,2.0,None,0,1.32,0.1,4.14,0.32,2.82,22.10,1.72,0.22,Julio,0.0,524,206,22,1.71,2,False,87.7,149,85,161,False,250.8,224,107,1155,,None,55,177,115,p474120,0,0,None,0,,474120.jpg,2.4,200,88,0,168,False,0,0.0,Enciso Espínola,0.2,398,122,False,None,14,1.09,a,6,36,2022-06-17,362.0,84,59,59,0,0,0,0,0.0,10.7,Enciso,3
4,2004-05-31,1,176,True,True,None,None,1,0.13,513433,2,,0,0,0,0,311.6,117,84,0,6,,0,3,2.0,None,0,1.93,0.26,3.08,0.41,1.15,12.66,1.69,0.15,Brajan,0.0,539,215,15,2.0,1,False,69.1,198,105,162,False,196.6,255,120,676,,None,55,192,124,p513433,0,0,None,0,,513433.jpg,2.1,237,106,0,80,False,0,0.0,Gruda,0.1,508,177,False,None,8,1.07,a,6,36,2024-08-14,187.0,161,105,45,0,0,0,0,0.0,8.2,Gruda,0
3,2005-04-11,8,404,True,True,None,None,6,0.29,532529,None,,0,0,0,0,268.1,136,95,0,None,,0,3,2.0,None,0,1.50,0.07,4.24,0.2,2.74,30.09,1.47,0.13,Jack,0.0,541,217,30,1.47,5,False,97.0,133,81,163,False,394.6,161,74,1839,,None,55,194,126,p532529,0,0,None,0,,532529.jpg,3.4,100,47,0,241,False,0,0.0,Hinshelwood,0.2,403,125,False,None,22,1.08,a,6,36,2022-12-30,304.0,98,68,89,0,0,0,0,0.0,16.2,Hinshelwood,5
3,2000-11-21,2,209,True,True,None,None,2,0.19,219249,1,,0,0,0,0,322.5,111,79,0,2,,0,3,2.0,None,0,2.04,0.2,4.80,0.47,2.76,14.27,1.38,0.27,Matt,0.0,493,187,20,1.94,2,False,75.3,184,99,164,False,211.4,243,117,929,,None,55,146,96,p219249,1,0,2,0,,219249.jpg,2.4,197,85,0,58,False,0,0.0,O'Riley,0.2,446,143,False,None,11,1.07,a,6,36,2024-08-26,219.0,137,90,50,0,0,0,0,0.0,9.1,O'Riley,1
0,2001-06-17,0,0,True,True,None,None,0,0,516211,None,,0,0,0,0,0.0,650,292,0,None,,0,3,2.0,None,0,0.00,0,0.00,0,0.00,0.00,0,0,Abdallah,0.0,540,216,0,0,0,False,0.0,650,292,165,False,0.0,650,292,0,,None,55,193,125,p516211,0,0,None,0,,516211.jpg,0.0,650,292,0,189,False,0,0,Sima,0.0,646,288,False,None,0,0,a,6,36,2021-08-30,0.0,648,290,0,0,0,0,0,0.0,0.0,Sima,0
1,2003-10-06,3,358,True,True,None,None,7,0.32,509416,3,,0,0,0,0,507.5,68,55,0,5,,0,3,1.5,None,0,2.62,0.12,5.13,0.24,2.51,30.15,1.39,0.12,Yasin,0.0,434,147,28,1.29,2,False,111.7,116,72,166,False,363.2,171,79,1958,,None,50,321,202,p509416,0,0,None,0,,509416.jpg,2.2,224,98,0,206,False,0,0.0,Ayari,0.2,401,124,False,None,22,1.01,a,6,36,2023-01-30,247.0,119,80,74,0,0,0,0,0.0,14.8,Ayari,4
1,2004-01-03,7,490,True,True,None,None,8,0.27,535301,None,,0,0,0,0,343.7,103,74,0,None,,0,3,1.5,None,0,1.21,0.04,4.31,0.14,3.10,39.54,1.34,0.1,Carlos,0.0,439,151,40,1.35,3,False,105.2,125,75,167,False,515.4,118,50,2660,,None,50,326,206,p535301,0,0,None,0,,535301.jpg,2.6,172,73,1,38,False,0,0.0,Baleba,4.1,81,24,False,None,31,1.05,a,6,36,2023-08-29,193.0,159,104,87,0,0,0,0,0.0,17.4,Baleba,6
2,2004-12-23,6,299,True,True,None,None,2,0.12,536916,None,,0,0,0,0,415.8,87,68,0,None,,0,3,1.5,None,0,2.29,0.14,6.30,0.38,4.01,29.23,1.74,0.24,Facundo,0.0,440,152,33,1.97,5,False,114.7,113,69,168,False,415.8,150,66,1508,,None,50,327,207,p536916,0,0,None,0,,536916.jpg,2.4,194,82,0,10,False,0,0.0,Buonanotte,0.4,322,102,False,None,14,0.84,a,6,36,2023-01-01,318.0,95,66,75,0,0,0,0,0.0,15.0,Buonanotte,8
1,2003-03-27,2,130,True,True,None,None,0,0.0,514254,None,,0,0,0,0,143.2,209,128,0,3,,0,3,1.5,None,0,1.16,0.21,1.98,0.36,0.82,9.28,1.65,0.15,Diego,0.0,436,148,13,2.31,1,False,33.6,275,138,169,False,124.2,290,138,507,,None,50,323,203,p514254,0,0,None,0,,514254.jpg,1.9,262,119,0,168,False,0,0.0,Gómez Amarilla,0.1,575,226,False,None,4,0.71,a,6,36,2025-01-01,69.0,247,136,30,0,0,0,0,0.0,6.0,Gomez,0
0,1986-01-04,0,27,True,True,None,None,1,0.53,15157,None,,0,0,0,0,66.3,264,147,0,None,,0,3,1.5,None,0,0.15,0.08,0.31,0.16,0.16,1.98,1.05,0.08,James,0.0,320,79,1,0.53,0,False,10.7,329,159,170,False,28.6,344,160,170,,None,50,207,134,p15157,0,0,None,0,,15157.jpg,1.5,304,142,0,241,False,0,0.0,Milner,0.1,504,176,False,None,3,1.59,a,6,36,2023-07-01,12.0,317,165,6,0,0,0,0,0.0,1.2,Milner,1
0,2002-06-16,0,3,True,True,None,None,0,0.0,441192,None,,0,0,0,0,0.8,364,178,0,None,,0,3,1.5,None,0,0.00,0.0,0.00,0.0,0.00,0.00,0.0,0.0,Jeremy,0.0,403,126,0,0.0,0,False,0.1,390,184,171,False,0.2,390,184,8,,None,50,290,181,p441192,0,0,None,0,,441192.jpg,1.0,369,171,0,62,False,0,0.0,Sarmiento Morante,0.1,610,254,False,None,0,0.0,a,6,36,2021-09-21,0.0,599,255,1,0,0,0,0,0.0,0.2,Sarmiento,0
0,2006-04-08,0,0,True,True,None,None,0,0,549074,None,,0,0,0,0,0.0,621,270,0,None,,0,3,1.5,None,0,0.00,0,0.00,0,0.00,0.00,0,0,Tom,0.0,442,154,0,0,0,False,0.0,622,270,172,False,0.0,622,270,0,,None,50,329,209,p549074,0,0,None,0,,549074.jpg,0.0,622,270,0,241,False,0,0,Watson,0.1,572,223,False,None,0,0,a,6,36,2025-06-01,0.0,614,267,0,0,0,0,0,0.0,0.0,Watson,0
5,1999-11-16,4,243,True,True,None,None,2,0.18,467779,None,,0,0,0,0,230.4,156,109,0,None,,0,3,1.5,None,0,1.00,0.09,1.80,0.16,0.80,18.89,1.7,0.07,Mats,0.0,413,133,22,1.97,1,False,68.5,201,106,173,False,328.8,193,89,1003,,None,50,300,188,p467779,0,0,None,0,,467779.jpg,2.1,231,101,0,152,False,0,0.0,Wieffer,0.1,532,194,False,None,10,0.9,a,6,36,2024-07-06,129.0,197,116,52,0,0,0,0,0.0,10.4,Wieffer,6
0,2005-11-18,0,0,True,True,None,None,0,0,611695,None,,0,0,0,0,0.0,628,276,0,None,,0,3,1.5,None,0,0.00,0,0.00,0,0.00,0.00,0,0,Malick,0.0,452,163,0,0,0,False,0.0,629,276,174,False,0.0,629,276,0,,None,50,339,218,p611695,0,0,None,0,,611695.jpg,0.0,629,276,0,54,False,0,0,Yalcouyé,0.1,617,261,False,None,0,0,a,6,36,2024-07-12,0.0,621,273,0,0,0,0,0,0.0,0.0,Yalcouye,0
0,None,0,0,True,True,None,None,0,0,567121,None,,0,0,0,0,0.0,563,234,0,None,,0,3,1.0,None,0,0.00,0,0.00,0,0.00,0.00,0,0,Joe,0.0,286,59,0,0,0,False,0.0,567,234,175,False,0.0,567,234,0,,None,45,507,280,p567121,0,0,None,0,,567121.jpg,0.0,568,235,0,None,False,0,0,Knight,0.1,539,198,False,None,0,0,a,6,36,None,0.0,546,227,0,0,0,0,0,0.0,0.0,Knight,0
0,None,0,0,True,True,None,None,0,0,550141,None,,0,0,0,0,0.0,552,227,0,None,,0,3,1.0,None,0,0.00,0,0.00,0,0.00,0.00,0,0,Adrian,0.0,274,52,0,0,0,False,0.0,556,227,176,False,0.0,556,227,0,,None,45,495,273,p550141,0,0,None,0,,550141.jpg,0.0,558,228,0,None,False,0,0,Mazilu,0.1,626,270,False,None,0,0,a,6,36,None,0.0,535,220,0,0,0,0,0,0.0,0.0,Mazilu,0
0,2003-10-15,0,0,True,True,None,None,0,0,513834,None,,0,0,0,0,0.0,536,216,0,None,,0,3,1.0,None,0,0.00,0,0.00,0,0.00,0.00,0,0,Andrew,0.0,252,37,0,0,0,False,0.0,540,216,177,False,0.0,540,216,0,,None,45,473,258,p513834,0,0,None,0,,513834.jpg,0.0,542,217,0,104,False,0,0,Moran,0.1,608,253,False,None,0,0,a,6,36,2021-08-23,0.0,518,208,0,0,0,0,0,0.0,0.0,Moran,0
5,1990-11-26,21,484,True,True,None,None,7,0.3,50175,None,,0,0,0,0,331.3,108,11,0,1,,0,4,2.2,None,0,1.36,0.06,10.94,0.47,9.58,37.40,1.6,0.41,Danny,0.0,589,49,37,1.58,10,False,155.8,65,14,178,False,550.2,106,11,2109,,None,65,42,13,p50175,0,0,1,0,,50175.jpg,4.2,33,8,0,241,False,0,0.0,Welbeck,8.4,50,10,False,None,24,1.02,a,6,36,2020-10-18,676.0,40,15,125,0,0,0,0,0.0,19.2,Welbeck,5
0,2004-10-19,2,97,False,True,0,None,1,0.23,487117,None,,0,0,0,0,68.5,261,25,0,None,,0,4,0.0,None,0,0.66,0.15,1.79,0.41,1.13,6.39,1.49,0.26,Evan,0.0,530,40,9,2.1,1,False,25.0,290,27,179,False,80.0,315,27,385,Has joined AS Roma on loan for the rest of the season,2025-07-24T10:13:22.396984Z,55,183,35,p487117,0,0,None,0,,487117.jpg,1.3,325,29,0,104,False,0,0.0,Ferguson,0.5,269,49,False,None,3,0.7,u,6,36,2021-08-23,104.0,217,28,28,0,0,0,0,0.0,5.1,Ferguson,0
0,2006-01-06,0,0,True,True,None,None,0,0,608181,None,,0,0,0,0,0.0,654,66,0,None,,0,4,1.8,None,0,0.00,0,0.00,0,0.00,0.00,0,0,Stefanos,0.0,552,43,0,0,0,False,0.0,654,66,180,False,0.0,654,66,0,,None,55,205,38,p608181,0,0,None,0,,608181.jpg,0.0,654,66,0,83,False,0,0,Tzimas,0.1,482,64,False,None,0,0,a,6,36,2025-02-03,0.0,653,66,0,0,0,0,0,0.0,0.0,Tzimas,0
0,2007-05-30,0,0,True,True,None,None,0,0,647850,None,,0,0,0,0,0.0,632,61,0,None,,0,4,1.4,None,0,0.00,0,0.00,0,0.00,0.00,0,0,Charalampos,0.0,457,31,0,0,0,False,0.0,632,61,181,False,0.0,632,61,0,,None,50,344,48,p647850,0,0,None,0,,647850.jpg,0.0,632,61,0,83,False,0,0,Kostoulas,0.9,197,39,False,None,0,0,a,6,36,2025-07-01,0.0,625,61,0,0,0,0,0,0.0,0.0,Kostoulas,0
0,1997-11-18,11,470,True,True,None,None,10,0.31,215059,None,,0,0,0,0,20.0,326,8,0,None,,0,1,3.6,None,0,0.02,0.0,0.02,0.0,0.00,38.55,1.2,0.0,Robert,0.0,370,68,34,1.06,0,False,77.5,174,7,220,False,755.6,36,7,2880,,None,50,257,13,p215059,0,0,None,1,,215059.jpg,3.9,49,9,0,200,False,95,2.97,Lynch Sánchez,12.6,34,5,False,None,32,1.0,a,7,8,2023-08-05,0.0,585,68,126,0,0,0,0,0.0,25.2,Sánchez,5
0,2002-04-16,0,59,True,True,None,None,1,0.17,508479,None,,0,0,0,0,0.0,535,69,0,None,,0,1,2.8,None,0,0.00,0.0,0.00,0.0,0.00,8.83,1.47,0.0,Filip,0.0,250,58,9,1.5,0,False,15.9,313,22,221,False,157.6,271,22,540,,None,45,471,30,p508479,0,0,None,0,,508479.jpg,3.0,131,18,0,58,False,20,3.33,Jörgensen,0.2,427,55,False,None,6,1.0,a,7,8,2024-07-30,0.0,517,59,18,0,0,0,0,0.0,4.0,Jörgensen,0
0,2005-07-31,0,0,True,True,None,None,0,0,549939,None,,0,0,0,0,0.0,459,54,0,None,,0,1,1.5,None,0,0.00,0,0.00,0,0.00,0.00,0,0,Mike,0.0,98,39,0,0,0,False,0.0,468,63,222,False,0.0,468,63,0,,None,40,638,70,p549939,0,0,None,0,,549939.jpg,0.0,471,63,0,21,False,0,0,Penders,0.1,483,65,False,None,0,0,a,7,8,2024-08-27,0.0,433,41,0,0,0,0,0,0.0,0.0,Penders,0
0,2004-05-15,0,0,True,True,None,None,0,0,471798,None,,0,0,0,0,0.0,427,45,0,None,,0,1,1.5,None,0,0.00,0,0.00,0,0.00,0.00,0,0,Gabriel,0.0,59,28,0,0,0,False,0.0,437,54,223,False,0.0,437,54,0,,None,40,599,59,p471798,0,0,None,0,,471798.jpg,0.0,440,54,0,229,False,0,0,Słonina,0.1,515,72,False,None,0,0,a,7,8,2022-08-02,0.0,396,30,0,0,0,0,0,0.0,0.0,Slonina,0
2,1998-07-22,14,533,True,True,None,None,9,0.27,179268,None,,0,0,0,0,350.6,100,20,0,None,,0,2,4.5,None,0,2.39,0.07,5.18,0.15,2.79,39.94,1.2,0.08,Marc,0.0,561,215,38,1.14,5,False,137.9,85,11,224,False,668.6,62,22,2988,,None,60,83,3,p179268,0,0,None,0,,179268.jpg,3.7,69,10,1,200,False,0,0.0,Cucurella Saseta,20.5,15,6,False,None,33,0.99,a,7,8,2022-08-05,358.0,86,6,133,0,0,0,0,0.0,22.2,Cucurella,8
2,1999-12-08,5,223,True,True,None,None,3,0.26,225796,3,,0,0,0,0,202.1,174,39,0,2,,0,2,3.8,None,0,1.15,0.1,1.60,0.14,0.45,16.10,1.37,0.04,Reece,0.0,495,199,14,1.19,1,False,46.7,246,78,225,False,207.6,245,88,1057,,None,55,148,18,p225796,0,0,None,0,,225796.jpg,2.8,159,51,0,241,False,0,0.0,James,4.8,77,28,False,None,12,1.02,a,7,8,2019-05-15,56.0,258,91,54,0,0,0,0,0.0,9.8,James,1
1,1999-07-05,11,379,True,True,None,None,6,0.27,180736,None,,0,0,0,0,124.2,216,62,0,None,,0,2,3.1,None,0,0.64,0.03,2.62,0.12,1.98,27.15,1.24,0.09,Trevoh,0.0,350,167,25,1.14,3,False,84.6,158,45,226,False,496.4,127,45,1969,,None,50,237,37,p180736,0,0,None,0,,180736.jpg,3.7,67,9,0,241,False,0,0.0,Chalobah,0.7,225,77,False,None,23,1.05,a,7,8,2018-02-16,222.0,134,22,93,0,0,0,0,0.0,18.6,Chalobah,3
1,2003-02-26,6,461,True,True,None,None,10,0.29,460028,None,,0,0,0,0,214.3,161,34,0,None,,0,2,3.1,None,0,1.31,0.04,3.23,0.09,1.92,43.52,1.24,0.05,Levi,0.0,407,183,41,1.17,2,False,109.4,119,30,227,False,692.0,52,19,3150,,None,50,294,53,p460028,0,0,None,0,,460028.jpg,3.1,125,34,0,241,False,0,0.0,Samuels Colwill,5.2,71,25,False,None,35,1.0,a,7,8,2022-07-01,185.0,163,31,109,0,0,0,0,0.0,21.8,Colwill,9
1,2003-05-19,2,285,True,True,None,None,4,0.19,482609,None,,0,0,0,0,394.6,93,19,0,None,,0,2,3.1,None,0,1.91,0.09,3.35,0.16,1.44,27.43,1.33,0.07,Malo,0.0,420,187,26,1.26,0,False,87.9,148,42,228,False,336.8,189,70,1853,,None,50,307,57,p482609,0,0,None,0,,482609.jpg,1.9,260,92,0,73,False,0,0.0,Gusto,2.5,115,40,False,None,19,0.92,a,7,8,2023-01-28,147.0,185,50,60,0,0,0,0,0.0,12.0,Gusto,4
0,2001-03-26,0,35,True,True,None,None,0,0.0,242880,None,,0,0,0,0,12.6,335,125,0,None,,0,2,2.4,None,0,0.08,0.02,0.08,0.02,0.00,5.34,1.45,0.0,Benoît,0.0,192,130,5,1.36,0,False,7.9,340,124,229,False,66.0,322,119,332,,None,45,413,110,p242880,0,0,None,0,,242880.jpg,1.4,312,113,0,73,False,0,0.0,Badiashile Mukinayi,0.1,530,201,False,None,3,0.81,a,7,8,2023-01-05,0.0,478,207,7,0,0,0,0,0.0,1.6,B.Badiashile,0
0,2000-12-17,2,162,True,True,None,None,2,0.15,444463,None,,0,0,0,0,85.0,246,84,0,None,,0,2,2.4,None,0,0.18,0.01,0.62,0.04,0.44,14.76,1.13,0.03,Wesley,0.0,205,136,13,1.0,0,False,31.9,279,98,230,False,200.2,251,93,1172,,None,45,426,116,p444463,0,0,None,0,,444463.jpg,1.9,255,90,0,73,False,0,0.0,Fofana,0.2,393,162,False,None,14,1.08,a,7,8,2022-08-31,33.0,280,100,26,0,0,0,0,0.0,5.8,Fofana,7
0,2005-08-29,0,0,True,True,None,None,0,0,574458,None,,0,0,0,0,0.0,565,214,0,None,,0,2,2.4,None,0,0.00,0,0.00,0,0.00,0.00,0,0,Mamadou,0.0,290,156,0,0,0,False,0.0,569,215,231,False,0.0,569,215,0,,None,45,511,136,p574458,0,0,None,0,,574458.jpg,0.0,570,215,0,73,False,0,0,Sarr,0.1,502,193,False,None,0,0,a,7,8,2025-06-09,0.0,549,214,0,0,0,0,0,0.0,0.0,M.Sarr,0
1,1997-09-24,7,305,True,True,None,None,7,0.45,109646,None,,0,0,0,0,48.2,281,103,0,None,,0,2,2.4,None,0,0.23,0.01,1.16,0.07,0.93,19.62,1.26,0.06,Tosin,0.0,141,92,14,0.9,1,False,49.6,238,73,232,False,352.2,180,63,1403,,None,45,362,72,p109646,0,0,None,0,,109646.jpg,3.2,116,28,0,241,False,0,0.0,Adarabioyo,0.4,285,102,False,None,15,0.96,a,7,8,2024-07-01,92.0,229,75,71,0,0,0,0,0.0,15.8,Tosin,4
0,2006-05-05,0,8,True,True,None,None,0,0.0,577016,None,,0,0,0,0,2.5,356,131,0,None,,0,2,1.5,None,0,0.01,0.01,0.23,0.13,0.22,2.09,1.12,0.12,Josh,0.0,106,65,3,1.61,0,False,2.9,362,130,233,False,13.6,359,132,168,,None,40,646,206,p577016,0,0,None,0,,577016.jpg,1.0,349,129,0,241,False,0,0.0,Acheampong,0.3,337,129,False,None,2,1.07,a,7,8,2024-03-10,13.0,314,117,4,0,0,0,0,0.0,1.0,Acheampong,1
0,2005-04-29,0,0,True,True,None,None,0,0,622758,None,,0,0,0,0,0.0,476,198,0,None,,0,2,1.5,None,0,0.00,0,0.00,0,0.00,0.00,0,0,Aarón,0.0,122,79,0,0,0,False,0.0,485,199,234,False,0.0,485,199,0,,None,40,662,220,p622758,0,0,None,0,,622758.jpg,0.0,488,199,0,10,False,0,0,Anselmino,0.2,421,171,False,None,0,0,a,7,8,2024-08-08,0.0,453,197,0,0,0,0,0,0.0,0.0,Anselmino,0
10,2002-05-06,35,952,True,True,None,None,10,0.28,244851,4,,0,0,0,0,1259.2,2,2,0,1,,0,3,3.6,None,0,9.53,0.27,26.32,0.74,16.79,43.88,1.24,0.47,Cole,0.0,661,298,41,1.16,15,False,338.0,3,3,235,False,1068.2,3,3,3193,,None,105,4,2,p244851,0,1,1,0,,244851.jpg,5.8,4,3,0,241,False,0,0.0,Palmer,50.3,3,2,False,None,36,1.01,a,7,8,2023-09-01,1052.0,9,4,214,0,0,0,0,0.0,20.4,Palmer,7
6,2000-03-09,9,434,True,True,None,None,8,0.32,247632,1,,0,0,0,0,762.7,24,23,0,None,,0,3,2.8,None,0,4.47,0.18,7.95,0.32,3.48,27.98,1.11,0.14,Pedro,0.0,629,277,25,0.99,4,False,180.0,52,38,236,False,492.0,129,53,2262,,None,70,34,23,p247632,0,0,None,0,,247632.jpg,3.0,137,64,0,173,False,0,0.0,Lomba Neto,5.2,70,21,False,None,24,0.95,a,7,8,2024-08-11,545.0,52,35,104,0,0,0,0,0.0,14.9,Neto,8
8,2001-01-17,11,691,True,True,None,None,10,0.31,448047,2,,0,0,0,0,1131.6,4,4,0,3,,0,3,2.7,None,0,6.11,0.19,12.34,0.38,6.23,38.06,1.16,0.19,Enzo,0.0,611,262,37,1.13,6,False,241.3,13,9,237,False,761.6,35,10,2943,,None,65,64,46,p448047,0,0,4,0,,448047.jpg,3.8,61,29,0,10,False,0,0.0,Fernández,4.5,79,23,False,None,32,0.98,a,7,8,2023-01-31,517.0,57,39,135,0,0,0,0,0.0,20.8,Enzo,8
0,2007-04-24,0,0,True,True,None,None,0,0,624773,None,,0,0,0,0,0.0,661,298,0,None,,0,3,2.7,None,0,0.00,0,0.00,0,0.00,0.00,0,0,Estêvão,0.0,622,270,0,0,0,False,0.0,661,298,238,False,0.0,661,298,0,,None,65,75,54,p624773,0,0,None,0,,624773.jpg,0.0,661,298,0,30,False,0,0,Almeida de Oliveira Gonçalves,0.5,251,83,False,None,0,0,a,7,8,2025-07-14,0.0,661,298,0,0,0,0,0,0.0,0.0,Estêvão,0
0,2004-08-08,0,0,True,True,None,None,0,0,463936,None,,0,0,0,0,0.0,659,296,0,None,,0,3,2.7,None,0,0.00,0,0.00,0,0.00,0.00,0,0,Jamie,0.0,615,265,0,0,0,False,0.0,659,296,239,False,0.0,659,296,0,,None,65,68,49,p463936,0,0,None,0,,463936.jpg,0.0,659,296,0,241,False,0,0,Bynoe-Gittens,0.4,302,97,False,None,0,0,a,7,8,2025-07-05,0.0,659,296,0,0,0,0,0,0.0,0.0,Gittens,0
2,1997-11-14,5,190,True,True,None,None,2,0.2,213198,None,,0,0,0,0,204.9,172,118,0,None,,0,3,2.6,None,0,1.01,0.1,6.12,0.61,5.11,16.25,1.62,0.51,Christopher,0.0,569,236,16,1.59,3,False,77.1,176,96,240,False,230.2,229,110,904,,None,60,91,66,p213198,0,0,2,0,,213198.jpg,2.2,225,99,0,73,False,0,0.0,Nkunku,0.2,397,121,False,None,9,0.9,a,7,8,2023-07-01,339.0,90,61,60,0,0,0,0,0.0,10.0,Nkunku,2
4,2001-11-02,4,650,True,True,None,None,12,0.32,486672,None,,0,0,0,0,568.8,57,48,0,None,,0,3,2.5,None,0,2.82,0.08,3.63,0.1,0.81,45.42,1.22,0.02,Moisés,0.0,529,209,42,1.13,1,False,129.2,92,62,241,False,627.6,74,29,3351,,None,55,182,118,p486672,0,0,None,0,,486672.jpg,2.6,177,77,0,62,False,0,0.0,Caicedo Corozo,7.7,53,16,False,None,38,1.02,a,7,8,2023-08-14,95.0,226,124,98,0,0,0,0,0.0,17.8,Caicedo,11
1,1998-09-06,1,71,True,True,None,None,0,0.0,215413,None,,0,0,0,0,47.4,282,152,0,None,,0,3,2.0,None,0,0.22,0.08,0.44,0.16,0.22,3.88,1.36,0.08,Kiernan,0.0,372,109,3,1.05,0,False,12.6,321,153,242,False,57.4,327,153,257,,None,50,259,164,p215413,0,0,None,0,,215413.jpg,1.4,319,150,0,241,False,0,0.0,Dewsbury-Hall,0.1,494,169,False,None,2,0.7,a,7,8,2024-07-02,21.0,303,159,18,0,0,0,0,0.0,3.6,Dewsbury-Hall,0
1,2006-02-04,0,55,True,True,None,None,1,0.51,550615,None,,0,0,0,0,72.7,256,143,0,None,,0,3,2.0,None,0,0.26,0.13,0.46,0.23,0.20,1.41,0.72,0.1,Tyrique,0.0,444,156,0,0.0,1,False,17.1,308,149,243,False,67.4,319,150,177,,None,50,331,211,p550615,0,0,None,0,,550615.jpg,2.1,233,103,0,241,False,0,0.0,George,0.1,553,209,False,None,1,0.51,a,7,8,2024-04-15,32.0,284,152,17,0,0,0,0,0.0,3.4,George,1
1,2004-01-06,0,125,True,True,None,None,3,0.34,514356,None,,0,0,0,0,121.7,219,133,0,None,,0,3,2.0,None,0,0.38,0.04,0.63,0.07,0.25,14.33,1.63,0.03,Roméo,0.0,437,149,11,1.25,0,False,24.4,292,145,244,False,113.2,295,142,792,,None,50,324,204,p514356,0,0,None,0,,514356.jpg,1.6,295,137,0,21,False,0,0.0,Lavia,0.2,469,159,False,None,11,1.25,a,7,8,2023-08-18,7.0,328,170,26,0,0,0,0,0.0,5.2,Lavia,4
0,2001-01-05,0,26,True,True,0,None,0,0.0,465920,None,,0,0,0,0,31.5,304,160,0,None,,0,3,0.0,None,0,0.66,0.41,0.90,0.56,0.24,3.28,2.04,0.15,Mykhailo,0.0,411,131,2,1.24,0,False,8.5,336,162,245,False,23.2,351,165,145,Suspended - unknown return date,2025-07-21T10:00:04.824210Z,50,298,186,p465920,0,0,None,0,,465920.jpg,1.0,370,172,0,225,False,0,0.0,Mudryk,0.0,659,297,False,None,1,0.62,s,7,8,2023-01-15,31.0,287,154,7,0,0,0,0,0.0,1.4,Mudryk,0
0,2004-05-03,0,0,True,True,None,None,0,0,532605,None,,0,0,0,0,0.0,542,220,0,None,,0,3,1.5,None,0,0.00,0,0.00,0,0.00,0.00,0,0,Andrey,0.0,261,43,0,0,0,False,0.0,546,220,246,False,0.0,546,220,0,,None,45,482,264,p532605,0,0,None,0,,532605.jpg,0.0,548,221,0,30,False,0,0,Nascimento dos Santos,0.6,245,80,False,None,0,0,a,7,8,2023-01-07,0.0,525,213,0,0,0,0,0,0.0,0.0,Andrey Santos,0
0,2005-03-14,0,0,True,True,None,None,0,0,491007,None,,0,0,0,0,0.0,524,206,0,None,,0,3,1.5,None,0,0.00,0,0.00,0,0.00,0.00,0,0,Dário,0.0,234,27,0,0,0,False,0.0,528,206,247,False,0.0,528,206,0,,None,45,455,248,p491007,0,0,None,0,,491007.jpg,0.0,531,207,0,173,False,0,0,Luís Essugo,0.1,627,271,False,None,0,0,a,7,8,2025-06-02,0.0,505,198,0,0,0,0,0,0.0,0.0,D.Essugo,0
0,None,0,0,True,True,None,None,0,0,611134,None,,0,0,0,0,0.0,580,243,0,None,,0,3,1.5,None,0,0.00,0,0.00,0,0.00,0.00,0,0,Kendry,0.0,313,75,0,0,0,False,0.0,584,243,248,False,0.0,584,243,0,,None,45,534,296,p611134,0,0,None,0,,611134.jpg,0.0,585,244,0,None,False,0,0,Páez Andrade,0.1,588,238,False,None,0,0,a,7,8,None,0.0,565,238,0,0,0,0,0,0.0,0.0,Paez,0
6,2001-09-26,26,516,True,True,None,None,6,0.28,475168,None,,0,0,0,0,456.0,77,3,0,None,,0,4,2.9,None,0,3.10,0.14,12.06,0.55,8.96,25.51,1.18,0.41,João Pedro,0.0,646,64,28,1.29,10,False,166.0,58,12,249,False,567.0,101,10,1946,,None,75,27,11,p475168,0,0,None,0,,475168.jpg,4.7,15,7,1,30,False,0,0.0,Junqueira de Jesus,60.0,1,1,False,None,23,1.06,a,7,8,2025-07-02,644.0,44,17,126,0,0,0,0,0.0,16.8,João Pedro,4
2,2003-02-08,22,472,True,True,None,None,3,0.1,463034,None,,0,0,0,0,290.5,126,14,0,None,,0,4,2.7,None,0,1.38,0.05,10.82,0.38,9.44,53.60,1.86,0.33,Liam,0.0,614,55,58,2.02,12,False,157.5,63,13,250,False,513.0,121,13,2587,,None,65,67,19,p463034,0,0,None,0,,463034.jpg,3.6,81,16,0,241,False,0,0.0,Delap,4.9,76,15,False,None,32,1.11,a,7,8,2025-06-04,783.0,26,12,132,0,0,0,0,0.0,20.3,Delap,12
6,2001-06-20,17,417,True,True,0,None,11,0.45,517052,None,,0,0,0,0,368.3,98,7,0,None,,0,4,0.0,None,0,1.90,0.08,13.58,0.55,11.68,28.47,1.15,0.47,Nicolas,0.0,621,57,24,0.97,10,False,187.4,44,8,251,False,546.4,107,12,2220,Suspended until 22 Aug,2025-07-21T10:00:04.843234Z,65,74,21,p517052,0,0,None,0,,517052.jpg,4.0,44,13,1,189,False,0,0.0,Jackson,0.1,609,67,False,None,28,1.14,s,7,8,2023-07-01,976.0,12,7,121,0,0,0,0,0.0,18.6,N.Jackson,7
0,2006-01-04,0,11,True,True,None,None,0,0.0,499309,None,,0,0,0,0,11.8,338,32,0,None,,0,4,1.5,None,0,0.02,0.03,0.02,0.03,0.00,1.46,1.85,0.0,Marc,0.0,244,5,2,2.54,0,False,2.2,363,35,252,False,4.4,375,34,71,,None,45,465,53,p499309,0,0,None,0,,499309.jpg,1.0,354,33,0,200,False,0,0.0,Guiu Paz,0.8,204,41,False,None,0,0.0,a,7,8,2024-07-01,6.0,329,35,3,0,0,0,0,0.0,0.7,Marc Guiu,0
0,1997-03-12,8,466,True,True,None,None,11,0.29,172649,None,,0,0,0,0,30.0,308,3,0,None,,0,1,2.6,None,0,0.02,0.0,0.03,0.0,0.01,50.33,1.32,0.0,Dean,0.0,346,65,51,1.34,0,False,88.6,147,4,253,False,853.6,17,4,3420,,None,50,233,10,p172649,0,0,None,1,,172649.jpg,3.6,74,13,0,241,False,104,2.74,Henderson,3.1,97,18,False,None,38,1.0,a,8,31,2023-08-31,4.0,336,2,135,0,0,0,0,0.0,27.0,Henderson,3
0,1993-01-19,0,0,True,True,None,None,0,0,121709,None,,0,0,0,0,0.0,389,28,0,None,,0,1,0.5,None,0,0.00,0,0.00,0,0.00,0.00,0,0,Walter,0.0,15,11,0,0,0,False,0.0,400,38,254,False,0.0,400,38,0,,None,40,555,42,p121709,0,0,None,0,,121709.jpg,0.0,404,39,0,10,False,0,0,Benítez,0.5,272,38,False,None,0,0,a,8,31,2025-07-01,0.0,355,13,0,0,0,0,0,0.0,0.0,Benitez,0
0,1994-02-10,0,0,True,True,None,None,0,0,169593,None,,0,0,0,0,0.0,395,32,0,None,,0,1,0.5,None,0,0.00,0,0.00,0,0.00,0.00,0,0,Remi,0.0,22,15,0,0,0,False,0.0,406,42,255,False,0.0,406,42,0,,None,40,562,46,p169593,0,0,None,0,,169593.jpg,0.0,409,42,0,241,False,0,0,Matthews,0.1,484,66,False,None,0,0,a,8,31,2021-07-13,0.0,362,17,0,0,0,0,0,0.0,0.0,Matthews,0
6,1996-05-26,9,480,True,True,None,None,11,0.31,247348,None,,0,0,0,0,634.2,43,6,0,None,,0,2,2.8,None,0,3.46,0.1,8.38,0.24,4.92,46.30,1.29,0.14,Daniel,0.0,504,201,46,1.28,4,False,197.6,34,1,256,False,816.6,25,9,3229,,None,55,157,20,p247348,0,0,None,0,,247348.jpg,3.8,58,5,0,48,False,0,0.0,Muñoz Mejía,9.3,47,18,False,None,37,1.03,a,8,31,2024-01-30,524.0,55,1,142,0,0,0,0,0.0,25.8,Muñoz,10
2,2000-04-06,9,463,True,True,None,None,11,0.32,437499,None,,0,0,0,0,113.7,225,67,0,None,,0,2,2.1,None,0,1.01,0.03,4.51,0.13,3.50,44.59,1.29,0.1,Maxence,0.0,400,181,45,1.3,1,False,111.4,117,28,257,False,723.8,46,17,3116,,None,50,287,51,p437499,0,0,None,0,,437499.jpg,3.3,110,26,0,73,False,0,0.0,Lacroix,0.9,200,68,False,None,35,1.01,a,8,31,2024-08-30,277.0,108,13,114,0,0,0,0,0.0,22.8,Lacroix,5
6,1999-09-01,4,455,True,True,None,None,12,0.35,244723,None,,0,0,0,0,559.1,59,9,0,None,,0,2,2.1,None,0,3.67,0.11,4.98,0.15,1.31,46.45,1.35,0.04,Tyrick,0.0,386,178,46,1.34,0,False,136.2,86,12,258,False,630.8,69,24,3090,,None,50,273,48,p244723,0,0,None,0,,244723.jpg,3.3,108,24,0,241,False,0,0.0,Mitchell,0.8,201,69,False,None,37,1.08,a,8,31,2019-12-15,170.0,171,39,123,0,0,0,0,0.0,24.6,Mitchell,2
0,1998-01-21,0,0,True,True,None,None,0,0,218364,4,,0,0,0,0,0.0,596,218,0,None,,0,2,2.1,None,0,0.00,0,0.00,0,0.00,0.00,0,0,Borna,0.0,374,172,0,0,0,False,0.0,598,219,259,False,0.0,598,219,0,,None,50,261,42,p218364,0,0,None,0,,218364.jpg,0.0,599,219,0,97,False,0,0,Sosa,0.1,487,190,False,None,0,0,a,8,31,2025-07-11,0.0,587,218,0,0,0,0,0,0.0,0.0,Sosa,0
2,2000-07-13,11,492,True,True,None,None,11,0.32,209036,None,,0,0,0,0,237.6,153,31,0,None,,0,2,1.4,None,0,2.01,0.06,3.88,0.12,1.87,41.55,1.22,0.06,Marc,0.0,167,111,42,1.24,3,False,131.0,91,14,260,False,827.0,24,8,3059,,None,45,388,91,p209036,3,0,None,0,,209036.jpg,3.4,96,18,1,241,False,0,0.0,Guéhi,13.7,30,11,False,None,34,1.0,a,8,31,2021-07-18,247.0,118,16,116,0,0,0,0,0.0,25.8,Guéhi,7
1,2000-03-28,2,249,True,True,None,None,7,0.33,427623,None,,0,0,0,0,45.0,285,104,0,None,,0,2,1.4,None,0,0.60,0.03,1.93,0.09,1.33,29.78,1.4,0.06,Chris,0.0,197,134,31,1.45,1,False,69.6,197,61,261,False,470.8,133,48,1921,,None,45,418,114,p427623,0,0,None,0,,427623.jpg,2.8,155,48,1,229,False,0,0.0,Richards,0.4,317,119,False,None,22,1.03,a,8,31,2022-07-27,181.0,166,34,68,0,0,0,0,0.0,15.1,Richards,2
0,2003-06-17,0,3,True,True,0,None,0,0.0,515621,None,,0,0,0,0,1.3,360,135,0,None,,0,2,0.0,None,0,0.02,0.02,0.02,0.02,0.00,1.39,1.39,0.0,Chadi,0.0,84,47,2,2.0,0,False,2.0,368,131,262,False,18.2,355,130,90,Knee injury - Unknown return date,2025-07-21T10:00:04.863209Z,40,624,188,p515621,0,0,None,0,,515621.jpg,1.0,343,123,0,145,False,0,0.0,Riad Dnanou,0.0,656,218,False,None,1,1.0,i,8,31,2024-07-02,0.0,420,170,1,0,0,0,0,0.0,0.2,Chadi Riad,0
0,1991-04-05,0,48,True,True,None,None,1,0.19,57328,None,,0,0,0,0,51.8,275,99,0,None,,0,2,0.5,None,0,0.24,0.05,0.26,0.05,0.02,10.11,1.91,0.0,Nathaniel,0.0,3,1,11,2.08,0,False,12.4,322,118,263,False,66.6,321,118,477,,None,40,543,142,p57328,0,0,None,0,,57328.jpg,1.4,308,109,0,241,False,0,0.0,Clyne,0.7,221,76,False,None,5,0.94,a,8,31,2020-10-14,8.0,323,122,18,0,0,0,0,0.0,4.5,Clyne,1
0,1995-09-20,0,0,True,True,None,None,0,0,156074,None,,0,0,0,0,0.0,393,142,0,None,,0,2,0.5,None,0,0.00,0,0.00,0,0.00,0.00,0,0,Rob,0.0,19,5,0,0,0,False,0.0,404,144,264,False,0.0,404,144,0,,None,40,559,146,p156074,0,0,None,0,,156074.jpg,0.0,407,144,0,241,False,0,0,Holding,0.4,323,123,False,None,0,0,a,8,31,2023-09-01,0.0,359,132,0,0,0,0,0,0.0,0.0,Holding,0
0,2006-07-15,0,1,True,True,None,None,0,0.0,590012,None,,0,0,0,0,4.6,352,129,0,None,,0,2,0.5,None,0,0.02,0.16,0.02,0.16,0.00,0.06,0.49,0.0,Caleb,0.0,114,71,1,8.18,0,False,1.3,374,135,265,False,8.0,366,134,11,,None,40,654,212,p590012,0,0,None,0,,590012.jpg,1.0,350,130,0,241,False,0,0.0,Kporha,0.2,420,170,False,None,0,0.0,a,8,31,2024-07-30,0.0,447,191,2,0,0,0,0,0.0,0.5,Kporha,0
8,1998-06-29,15,605,True,True,None,None,10,0.35,232413,1,,0,0,0,0,849.2,13,12,0,1,,0,3,2.0,None,0,4.67,0.16,15.06,0.52,10.39,35.03,1.22,0.36,Eberechi,0.0,643,285,34,1.18,8,False,222.4,16,11,266,False,685.0,54,18,2588,,None,75,24,14,p232413,0,1,1,0,,232413.jpg,4.4,27,16,0,241,False,0,0.0,Eze,8.3,52,15,False,None,31,1.08,a,8,31,2020-08-28,691.0,37,23,148,0,0,0,0,0.0,19.7,Eze,1
7,1998-02-25,14,542,True,True,None,None,10,0.33,232185,None,,0,0,0,0,618.0,48,41,0,None,,0,3,1.7,None,0,6.82,0.23,17.64,0.59,10.82,38.63,1.28,0.36,Ismaïla,0.0,603,256,39,1.3,8,False,215.9,18,13,267,False,675.0,57,21,2708,,None,65,56,40,p232185,0,0,None,0,,232185.jpg,3.9,54,26,0,189,False,0,0.0,Sarr,1.9,131,42,False,None,30,1.0,a,8,31,2024-08-01,866.0,20,11,149,0,0,0,0,0.0,22.9,Sarr,4
1,2000-01-08,0,71,True,True,0,None,1,0.2,438464,None,,0,0,0,0,25.7,315,164,0,None,,0,3,0.0,None,0,0.11,0.02,0.51,0.1,0.40,7.53,1.53,0.08,Cheick,0.0,401,125,6,1.22,0,False,10.8,327,157,268,False,58.6,325,151,443,Knee injury - Unknown return date,2025-07-21T10:00:04.882113Z,50,288,180,p438464,0,0,None,0,,438464.jpg,1.5,306,144,0,132,False,0,0.0,Doucouré,0.0,662,298,False,None,4,0.81,i,8,31,2022-07-11,23.0,299,157,19,0,0,0,0,0.0,3.8,Doucouré,1
2,2005-05-13,3,72,True,True,None,None,0,0.0,606921,None,,0,0,0,0,38.4,295,157,0,None,,0,3,1.0,None,0,0.39,0.25,0.71,0.46,0.32,2.15,1.4,0.21,Romain,0.0,451,162,3,1.96,1,False,16.4,311,151,269,False,74.8,317,149,138,,None,50,338,217,p606921,0,0,None,0,,606921.jpg,3.1,126,59,0,241,False,0,0.0,Esse,0.3,371,113,False,None,1,0.65,a,8,31,2025-01-18,51.0,264,142,22,0,0,0,0,0.0,4.4,Esse,0
4,1995-04-17,3,278,True,True,None,None,10,0.43,108413,2,,0,0,0,0,462.6,75,61,0,None,,0,3,1.0,None,0,2.64,0.11,3.73,0.16,1.09,31.64,1.36,0.05,Will,0.0,332,83,31,1.33,0,False,87.5,151,86,270,False,335.2,191,87,2100,,None,50,219,138,p108413,0,0,None,0,,108413.jpg,2.0,246,110,0,241,False,0,0.0,Hughes,0.1,512,181,False,None,24,1.03,a,8,31,2021-08-28,90.0,231,128,67,0,0,0,0,0.0,13.4,Hughes,11
0,1996-08-05,0,246,True,True,None,None,3,0.17,209400,5,,0,0,0,0,314.1,115,82,0,None,,0,3,1.0,None,0,1.55,0.09,2.67,0.16,1.12,25.74,1.5,0.07,Daichi,0.0,365,105,27,1.57,0,False,68.2,202,107,271,False,219.2,236,113,1545,,None,50,252,160,p209400,0,0,None,0,,209400.jpg,1.3,323,153,1,108,False,0,0.0,Kamada,0.1,521,187,False,None,15,0.87,a,8,31,2024-07-01,145.0,186,110,45,0,0,0,0,0.0,9.0,Kamada,4
1,1994-10-25,2,326,True,True,None,None,6,0.24,152551,None,,0,0,0,0,190.2,181,123,0,None,,0,3,1.0,None,0,1.75,0.07,2.82,0.11,1.07,33.55,1.33,0.04,Jefferson,0.0,335,86,36,1.43,0,False,78.7,171,93,272,False,401.4,155,70,2270,,None,50,222,141,p152551,0,0,None,0,,152551.jpg,1.8,271,123,0,48,False,0,0.0,Lerma Solís,0.1,528,192,False,None,26,1.03,a,8,31,2023-07-01,197.0,154,100,58,0,0,0,0,0.0,11.6,Lerma,9
2,2004-02-06,0,244,True,True,None,None,4,0.27,496221,3,,0,0,0,0,381.4,95,71,0,None,,0,3,1.0,None,0,2.17,0.15,2.55,0.18,0.38,19.34,1.32,0.03,Adam,0.0,430,143,21,1.44,0,False,71.2,193,101,273,False,261.2,217,104,1314,,None,50,317,198,p496221,0,0,None,0,,496221.jpg,2.1,232,102,0,241,False,0,0.0,Wharton,0.7,216,70,False,None,16,1.1,a,8,31,2024-02-01,69.0,246,135,42,0,0,0,0,0.0,8.4,Wharton,2
0,2005-09-28,0,4,True,True,None,None,0,0.0,579075,None,,0,0,0,0,10.6,343,173,0,None,,0,3,0.5,None,0,0.01,0.22,0.03,0.67,0.02,0.00,0.0,0.45,Asher,0.0,298,66,0,0.0,0,False,1.5,373,175,274,False,4.0,377,176,4,,None,45,519,287,p579075,0,0,None,0,,579075.jpg,1.0,362,165,0,241,False,0,0.0,Agbinone,0.1,618,262,False,None,0,0.0,a,8,31,2024-07-30,1.0,343,176,2,0,0,0,0,0.0,0.4,Agbinone,0
0,2002-03-29,0,0,True,True,None,None,0,0,466117,None,,0,0,0,0,0.0,517,201,0,None,,0,3,0.5,None,0,0.00,0,0.00,0,0.00,0.00,0,0,Naouirou,0.0,219,20,0,0,0,False,0.0,521,201,275,False,0.0,521,201,0,,None,45,440,241,p466117,0,0,None,0,,466117.jpg,0.0,524,202,0,73,False,0,0,Ahamada,0.1,630,274,False,None,0,0,a,8,31,2023-01-31,0.0,497,193,0,0,0,0,0,0.0,0.0,Ahamada,0
1,2003-10-11,1,129,True,True,None,None,0,0.0,489706,None,,0,0,0,0,101.8,236,138,0,2,,0,3,0.5,None,0,0.41,0.07,1.18,0.21,0.77,9.30,1.69,0.14,Justin,0.0,228,23,8,1.46,1,False,33.2,277,139,276,False,138.8,283,133,494,,None,45,449,244,p489706,0,0,None,0,,489706.jpg,1.5,300,140,0,242,False,0,0.0,Devenny,1.6,147,51,False,None,4,0.73,a,8,31,2024-03-13,90.0,230,127,34,0,0,0,0,0.0,7.6,Devenny,1
0,2003-09-04,0,0,True,True,None,None,0,0,450535,None,,0,0,0,0,0.0,508,195,0,None,,0,3,0.5,None,0,0.00,0,0.00,0,0.00,0.00,0,0,Malcolm,0.0,209,14,0,0,0,False,0.0,512,195,277,False,0.0,512,195,0,,None,45,430,235,p450535,0,0,None,0,,450535.jpg,0.0,515,196,0,241,False,0,0,Ebiowei,0.1,622,266,False,None,0,0,a,8,31,2022-07-01,0.0,488,187,0,0,0,0,0,0.0,0.0,Ebiowei,0
0,2002-10-05,0,0,True,True,None,None,0,0,450542,None,,0,0,0,0,0.0,510,197,0,None,,0,3,0.5,None,0,0.00,0,0.00,0,0.00,0.00,0,0,Jesurun,0.0,211,16,0,0,0,False,0.0,514,197,278,False,0.0,514,197,0,,None,45,432,237,p450542,0,0,None,0,,450542.jpg,0.0,517,198,0,241,False,0,0,Rak-Sakyi,0.2,467,157,False,None,0,0,a,8,31,2021-04-09,0.0,490,189,0,0,0,0,0,0.0,0.0,J.Rak-Sakyi,0
0,2004-04-01,0,34,True,True,None,None,0,0.0,536694,None,,0,0,0,0,1.2,361,176,0,None,,0,3,0.5,None,0,0.18,0.31,0.46,0.79,0.28,0.40,0.69,0.48,Matheus,0.0,267,46,0,0.0,1,False,11.5,324,154,279,False,48.4,331,155,52,,None,45,488,267,p536694,0,0,None,0,,536694.jpg,2.2,217,94,0,30,False,0,0.0,França de Oliveira,0.2,459,151,False,None,0,0.0,a,8,31,2023-08-05,66.0,249,137,9,0,0,0,0,0.0,2.0,M.França,0
0,2005-05-06,0,0,True,True,None,None,0,0,531989,None,,0,0,0,0,0.0,541,219,0,None,,0,3,0.5,None,0,0.00,0,0.00,0,0.00,0.00,0,0,David,0.0,260,42,0,0,0,False,0.0,545,219,280,False,0.0,545,219,0,,None,45,481,263,p531989,0,0,None,0,,531989.jpg,0.0,547,220,0,241,False,0,0,Ozoh,0.0,640,282,False,None,0,0,a,8,31,2022-07-11,0.0,524,212,0,0,0,0,0,0.0,0.0,Ozoh,0
0,2004-10-07,0,0,True,True,None,None,0,0,530318,None,,0,0,0,0,0.0,539,218,0,None,,0,3,0.5,None,0,0.00,0,0.00,0,0.00,0.00,0,0,Kaden,0.0,258,41,0,0,0,False,0.0,543,218,281,False,0.0,543,218,0,,None,45,479,262,p530318,0,0,None,0,,530318.jpg,0.0,545,219,0,241,False,0,0,Rodney,0.1,637,279,False,None,0,0,a,8,31,2022-07-08,0.0,522,211,0,0,0,0,0,0.0,0.0,Rodney,0
0,2005-01-26,0,0,True,True,None,None,0,0,574398,None,,0,0,0,0,0.0,564,235,0,None,,0,3,0.5,None,0,0.00,0,0.00,0,0.00,0.00,0,0,Franco,0.0,289,62,0,0,0,False,0.0,568,235,282,False,0.0,568,235,0,,None,45,510,283,p574398,0,0,None,0,,574398.jpg,0.0,569,236,0,104,False,0,0,Umeh-Chibueze,0.0,642,284,False,None,0,0,a,8,31,2024-02-18,0.0,548,229,0,0,0,0,0,0.0,0.0,Umeh,0
2,1997-06-28,27,576,True,True,None,None,9,0.31,231747,None,,0,0,0,0,405.4,91,4,0,None,,0,4,1.9,None,0,2.28,0.08,16.05,0.55,13.77,37.94,1.29,0.47,Jean-Philippe,0.0,642,63,37,1.26,14,False,187.3,45,9,283,False,671.6,60,7,2642,,None,75,23,10,p231747,0,0,2,0,,231747.jpg,4.1,40,12,0,73,False,0,0.0,Mateta,6.4,60,13,False,None,33,1.12,a,8,31,2022-01-31,800.0,24,11,150,0,0,0,0,0.0,20.0,Mateta,2
2,1999-05-30,4,186,True,True,None,None,2,0.18,205533,None,,0,0,0,0,163.7,195,21,0,None,,0,4,1.3,None,0,0.83,0.07,6.77,0.6,5.94,14.29,1.26,0.53,Eddie,0.0,487,33,17,1.5,3,False,82.5,162,20,284,False,192.2,258,21,1018,,None,55,140,28,p205533,0,0,None,0,,205533.jpg,1.8,273,27,1,241,False,0,0.0,Nketiah,1.6,148,28,False,None,9,0.8,a,8,31,2024-08-30,475.0,64,19,53,0,0,0,0,0.0,9.6,Nketiah,4
0,1998-01-16,0,14,True,True,None,None,0,0.0,199670,None,,0,0,0,0,25.0,317,31,0,None,,0,4,0.9,None,0,0.07,0.04,0.46,0.29,0.39,3.72,2.37,0.25,Odsonne,0.0,354,24,3,1.91,0,False,8.0,339,30,285,False,5.0,374,33,141,,None,50,241,41,p199670,0,0,None,0,,199670.jpg,1.2,328,30,0,73,False,0,0.0,Édouard,1.0,186,34,False,None,1,0.64,a,8,31,2021-08-31,50.0,265,29,7,0,0,0,0,0.0,1.4,Édouard,0
0,2005-10-06,0,0,True,True,None,None,0,0,576980,None,,0,0,0,0,0.0,570,49,0,None,,0,4,0.5,None,0,0.00,0,0.00,0,0.00,0.00,0,0,Zach,0.0,295,16,0,0,0,False,0.0,574,49,286,False,0.0,574,49,0,,None,45,516,64,p576980,0,0,None,0,,576980.jpg,0.0,575,49,0,241,False,0,0,Marsh,0.4,318,55,False,None,0,0,a,8,31,2023-07-18,0.0,554,49,0,0,0,0,0,0.0,0.0,Marsh,0
1,1994-03-07,15,593,True,True,None,None,12,0.32,111234,None,,0,0,0,0,20.3,322,4,0,None,,0,1,4.5,None,0,0.22,0.01,0.22,0.01,0.00,46.11,1.21,0.0,Jordan,0.0,462,71,44,1.16,0,False,107.0,124,1,287,False,1052.0,4,1,3420,,None,55,115,1,p111234,0,0,None,2,,111234.jpg,4.2,31,6,0,241,False,122,3.21,Pickford,14.0,28,4,False,None,38,1.0,a,9,11,2017-07-01,0.0,626,71,158,0,0,0,0,0.0,28.7,Pickford,7
0,1999-05-18,1,76,True,True,None,None,1,0.2,229600,None,,0,0,0,0,0.0,496,64,0,None,,0,1,2.8,None,0,0.01,0.0,0.01,0.0,0.00,7.36,1.47,0.0,Mark,0.0,182,52,5,1.0,0,False,14.6,317,23,288,False,146.4,279,23,450,,None,45,403,24,p229600,0,0,None,0,,229600.jpg,3.8,57,10,0,104,False,20,4.0,Travers,0.2,425,54,False,None,5,1.0,a,9,11,2025-07-15,0.0,475,53,19,0,0,0,0,0.0,4.2,Travers,0
0,2001-12-06,0,0,True,True,None,None,0,0,447325,None,,0,0,0,0,0.0,417,40,0,None,,0,1,1.5,None,0,0.00,0,0.00,0,0.00,0.00,0,0,Harry,0.0,48,23,0,0,0,False,0.0,427,49,289,False,0.0,427,49,0,,None,40,588,54,p447325,0,0,None,0,,447325.jpg,0.0,430,49,0,241,False,0,0,Tyrer,0.2,431,57,False,None,0,0,a,9,11,2021-02-09,0.0,386,25,0,0,0,0,0,0.0,0.0,Tyrer,0
1,2002-06-27,3,420,True,True,None,None,9,0.32,480455,None,,0,0,0,0,57.7,268,94,0,None,,0,2,3.8,None,0,0.61,0.02,1.81,0.06,1.20,29.83,1.07,0.04,Jarrad,0.0,526,207,28,1.0,0,False,81.3,165,50,290,False,624.6,76,26,2509,,None,55,179,26,p480455,0,0,None,0,,480455.jpg,2.9,145,42,0,241,False,0,0.0,Branthwaite,2.0,130,44,False,None,28,1.0,a,9,11,2020-06-20,130.0,196,55,88,0,0,0,0,0.0,16.0,Branthwaite,4
1,1992-11-19,8,468,True,True,None,None,10,0.31,17761,None,,0,0,0,0,188.8,182,41,0,None,,0,2,3.8,None,0,2.33,0.07,3.65,0.11,1.32,39.30,1.21,0.04,James,0.0,458,191,38,1.17,1,False,126.9,95,16,291,False,859.0,16,5,2922,,None,55,111,10,p17761,0,0,None,0,,17761.jpg,3.2,120,31,0,241,False,0,0.0,Tarkowski,5.0,74,26,False,None,33,1.02,a,9,11,2022-07-01,217.0,139,23,105,0,0,0,0,0.0,19.1,Tarkowski,6
3,1999-05-29,9,467,True,True,None,None,11,0.32,224967,None,,0,0,0,0,428.5,83,15,0,None,,0,2,3.1,None,0,2.12,0.06,2.60,0.07,0.48,39.81,1.16,0.01,Vitalii,0.0,379,176,39,1.14,1,False,115.2,112,27,292,False,621.4,78,27,3082,,None,50,266,46,p224967,0,0,None,0,,224967.jpg,3.5,86,13,0,225,False,0,0.0,Mykolenko,5.0,75,27,False,None,35,1.02,a,9,11,2022-01-01,100.0,221,71,121,0,0,0,0,0.0,24.2,Mykolenko,4
0,2001-05-15,5,233,True,True,None,None,5,0.29,512462,None,,0,0,0,0,108.9,230,72,0,None,,0,2,3.1,None,0,0.31,0.02,1.08,0.06,0.77,18.63,1.07,0.04,Jake,0.0,435,189,17,0.98,2,False,56.0,225,67,293,False,341.4,186,68,1568,,None,50,322,59,p512462,0,0,None,0,,512462.jpg,3.2,119,30,0,104,False,0,0.0,O'Brien,0.4,288,104,False,None,17,0.98,a,9,11,2024-07-30,109.0,216,67,65,0,0,0,0,0.0,13.0,O'Brien,5
0,1988-10-11,0,17,True,True,None,None,0,0.0,59949,None,,0,0,0,0,3.8,354,130,0,None,,0,2,2.4,None,0,0.03,0.01,0.65,0.27,0.62,4.45,1.87,0.26,Séamus,0.0,128,83,4,1.68,0,False,7.1,344,125,294,False,42.4,335,126,214,,None,45,349,63,p59949,0,0,None,0,,59949.jpg,1.0,351,131,0,104,False,0,0.0,Coleman,0.1,475,189,False,None,3,1.26,a,9,11,2009-02-02,23.0,298,110,5,0,0,0,0,0.0,1.1,Coleman,1
0,1993-01-11,4,139,True,True,None,None,3,0.26,106611,None,,0,0,0,0,23.2,319,120,0,None,,0,2,2.4,None,0,0.02,0.0,0.63,0.05,0.61,19.16,1.65,0.05,Michael,0.0,138,89,20,1.72,3,False,45.4,248,79,295,False,306.6,201,72,1046,,None,45,359,69,p106611,0,0,None,0,,106611.jpg,3.4,93,16,0,241,False,0,0.0,Keane,0.3,359,142,False,None,11,0.95,a,9,11,2017-07-03,123.0,201,59,48,0,0,0,0,0.0,10.7,Keane,5
1,2001-10-16,0,47,True,True,None,None,0,0.0,243571,None,,0,0,0,0,70.3,260,90,0,None,,0,2,2.4,None,0,0.38,0.1,0.45,0.12,0.07,4.48,1.18,0.02,Nathan,0.0,193,131,6,1.58,0,False,15.5,316,114,296,False,71.6,318,117,342,,None,45,414,111,p243571,0,0,None,0,,243571.jpg,1.4,313,114,0,243,False,0,0.0,Patterson,0.2,445,181,False,None,3,0.79,a,9,11,2022-01-04,12.0,316,119,14,0,0,0,0,0.0,3.1,Patterson,1
0,None,0,0,True,True,None,None,0,0.0,496178,None,,0,0,0,0,0.3,370,139,0,None,,0,2,1.5,None,0,0.00,0.0,0.00,0.0,0.00,2.43,2.43,0.0,Roman,0.0,76,41,4,4.0,0,False,1.6,371,134,297,False,15.4,358,131,90,,None,40,616,182,p496178,0,0,None,0,,496178.jpg,0.0,456,174,0,None,False,0,0.0,Dixon,0.3,360,143,False,None,1,1.0,a,9,11,None,0.0,413,165,0,0,0,0,0,0.0,0.0,Dixon,0
0,None,0,0,True,True,None,None,0,0,474907,None,,0,0,0,0,0.0,430,164,0,None,,0,2,1.5,None,0,0.00,0,0.00,0,0.00,0.00,0,0,Reece,0.0,62,33,0,0,0,False,0.0,440,166,298,False,0.0,440,166,0,,None,40,602,174,p474907,0,0,None,0,,474907.jpg,0.0,443,166,0,None,False,0,0,Welch,0.3,388,160,False,None,0,0,a,9,11,None,0.0,399,157,0,0,0,0,0,0.0,0.0,Welch,0
0,2000-03-06,21,552,True,True,None,None,15,0.56,440993,None,,0,0,0,0,326.4,110,78,0,None,,0,3,2.7,None,0,1.36,0.05,7.59,0.28,6.23,29.01,1.08,0.23,Iliman,0.0,608,260,24,0.89,9,False,142.0,81,56,299,False,598.0,90,38,2426,,None,65,61,44,p440993,0,0,1,0,,440993.jpg,3.5,92,46,0,189,False,0,0.0,Ndiaye,11.3,37,11,False,None,29,1.08,a,9,11,2024-07-03,493.0,62,42,114,0,0,0,0,0.0,17.5,Ndiaye,3
8,1999-11-22,9,401,True,True,None,None,5,0.33,433154,1,,0,0,0,0,631.8,45,38,0,None,,0,3,2.6,None,0,4.49,0.3,5.53,0.37,1.05,21.12,1.39,0.07,Dwight,0.0,574,239,24,1.58,4,False,123.3,100,66,300,False,392.0,163,75,1366,,None,60,96,69,p433154,0,0,None,0,,433154.jpg,4.4,25,14,0,241,False,0,0.0,McNeil,1.3,163,56,False,None,15,0.99,a,9,11,2022-07-28,207.0,145,96,93,0,0,0,0,0.0,15.5,McNeil,1
3,2002-11-30,5,191,True,True,None,None,1,0.12,502697,None,,0,0,0,0,205.7,171,117,0,1,,0,3,2.5,None,0,0.68,0.08,2.46,0.29,1.78,11.33,1.33,0.21,Carlos,0.0,536,212,9,1.06,2,False,65.4,206,109,301,False,219.4,235,112,766,,None,55,189,121,p502697,0,0,None,0,,502697.jpg,2.8,161,69,0,10,False,0,0.0,Alcaraz Durán,0.4,324,103,False,None,7,0.82,a,9,11,2025-07-01,227.0,132,88,44,0,0,0,0,0.0,8.0,Alcaraz,4
3,1989-09-26,5,505,True,True,None,None,12,0.35,80801,None,,0,0,0,0,327.2,109,77,0,None,,0,3,2.5,None,0,1.99,0.06,3.14,0.09,1.15,39.88,1.17,0.03,Idrissa Gana,0.0,460,168,39,1.15,0,False,96.6,135,82,302,False,522.0,116,49,3063,,None,55,113,77,p80801,0,0,None,0,,80801.jpg,2.4,195,83,0,189,False,0,0.0,Gueye,0.1,499,174,False,None,35,1.03,a,9,11,2022-09-01,117.0,208,120,89,0,0,0,0,0.0,16.2,Gana,9
1,2001-03-13,0,244,True,True,None,None,5,0.28,232928,3,,0,0,0,0,248.2,148,102,0,3,,0,3,2.0,None,0,1.37,0.08,2.04,0.12,0.67,19.71,1.12,0.04,James,0.0,384,115,19,1.08,0,False,60.4,219,116,303,False,264.8,215,103,1590,,None,50,271,170,p232928,0,0,None,0,,232928.jpg,2.0,247,111,0,241,False,0,0.0,Garner,0.1,511,180,False,None,17,0.96,a,9,11,2022-09-01,93.0,228,126,42,0,0,0,0,0.0,8.4,Garner,5
1,2003-06-30,0,82,True,True,None,None,0,0.0,490094,None,,0,0,0,0,40.9,290,156,0,None,,0,3,2.0,None,0,0.14,0.02,0.37,0.06,0.23,12.25,1.96,0.04,Tim,0.0,424,140,16,2.56,0,False,19.6,306,148,304,False,122.2,291,139,562,,None,50,311,195,p490094,0,0,None,0,,490094.jpg,1.2,329,156,0,241,False,0,0.0,Iroegbunam,0.1,603,248,False,None,5,0.8,a,9,11,2024-06-22,32.0,283,151,22,0,0,0,0,0.0,4.4,Iroegbunam,4
0,2007-01-19,0,1,True,True,None,None,0,0.0,609873,None,,0,0,0,0,10.9,340,172,0,None,,0,3,1.5,None,0,0.00,0.0,0.37,0.71,0.37,0.45,0.86,0.71,Harrison,0.0,312,74,1,1.91,0,False,2.2,364,172,305,False,1.8,388,183,47,,None,45,533,295,p609873,0,0,None,0,,609873.jpg,0.7,391,184,0,241,False,0,0.0,Armstrong,0.4,300,96,False,None,0,0.0,a,9,11,2024-08-09,9.0,322,167,2,0,0,0,0,0.0,0.4,Armstrong,1
0,None,0,0,True,True,None,None,0,0,547801,None,,0,0,0,0,0.0,550,226,0,None,,0,3,1.5,None,0,0.00,0,0.00,0,0.00,0.00,0,0,Callum,0.0,272,51,0,0,0,False,0.0,554,226,306,False,0.0,554,226,0,,None,45,493,272,p547801,0,0,None,0,,547801.jpg,0.0,556,227,0,None,False,0,0,Bates,0.1,598,246,False,None,0,0,a,9,11,None,0.0,533,219,0,0,0,0,0,0.0,0.0,Bates,0
0,None,0,0,True,True,None,None,0,0,504296,None,,0,0,0,0,0.0,534,215,0,None,,0,3,1.5,None,0,0.00,0,0.00,0,0.00,0.00,0,0,Coby,0.0,249,36,0,0,0,False,0.0,539,215,307,False,0.0,539,215,0,,None,45,470,257,p504296,0,0,None,0,,504296.jpg,0.0,541,216,0,None,False,0,0,Ebere,0.1,639,281,False,None,0,0,a,9,11,None,0.0,516,207,0,0,0,0,0,0.0,0.0,Ebere,0
0,None,0,0,True,True,None,None,0,0,496279,None,,0,0,0,0,0.0,530,211,0,None,,0,3,1.5,None,0,0.00,0,0.00,0,0.00,0.00,0,0,Isaac,0.0,242,32,0,0,0,False,0.0,534,211,308,False,0.0,534,211,0,,None,45,463,253,p496279,0,0,None,0,,496279.jpg,0.0,537,212,0,None,False,0,0,Heath,0.1,638,280,False,None,0,0,a,9,11,None,0.0,511,203,0,0,0,0,0,0.0,0.0,Heath,0
0,None,0,0,False,True,0,None,0,0,491557,None,,0,0,0,0,0.0,526,208,0,None,,0,3,0.0,None,0,0.00,0,0.00,0,0.00,0.00,0,0,Jenson,0.0,237,29,0,0,0,False,0.0,530,208,309,False,0.0,530,208,0,Has joined Bradford City permanently.,2025-07-25T14:54:45.196473Z,45,458,250,p491557,0,0,None,0,,491557.jpg,0.0,533,209,0,None,False,0,0,Metcalfe,0.1,633,277,False,None,0,0,u,9,11,None,0.0,507,200,0,0,0,0,0,0.0,0.0,Metcalfe,0
0,2002-10-21,0,0,True,True,None,None,0,0,586309,None,,0,0,0,0,0.0,658,68,0,None,,0,4,2.5,None,0,0.00,0,0.00,0,0.00,0.00,0,0,Thierno,0.0,587,48,0,0,0,False,0.0,658,68,310,False,0.0,658,68,0,,None,60,109,26,p586309,0,0,None,0,,586309.jpg,0.0,658,68,0,73,False,0,0,Barry,1.9,134,26,False,None,0,0,a,9,11,2025-07-09,0.0,657,68,0,0,0,0,0,0.0,0.0,Barry,0
0,1998-01-31,11,295,True,True,None,None,4,0.24,486385,None,,0,0,0,0,163.9,194,20,0,None,,0,4,2.3,None,0,0.44,0.03,8.33,0.5,7.89,18.80,1.11,0.47,Norberto Bercique,0.0,528,39,24,1.42,8,False,119.5,105,17,311,False,373.2,168,17,1521,,None,55,181,34,p486385,0,0,2,0,,486385.jpg,2.9,146,17,0,90,False,0,0.0,Gomes Betuncal,16.4,25,6,False,None,15,0.89,a,9,11,2023-08-29,666.0,42,16,87,0,0,0,0,0.0,15.8,Beto,2
0,2004-05-24,0,9,True,True,None,None,0,0.0,491012,None,,0,0,0,0,0.6,366,35,0,None,,0,4,1.9,None,0,0.00,0.0,0.11,0.24,0.11,0.47,1.01,0.24,Youssef,0.0,425,28,0,0.0,0,False,3.0,360,34,312,False,2.4,383,35,42,,None,50,312,45,p491012,0,0,None,0,,491012.jpg,0.8,387,37,0,173,False,0,0.0,Ramalho Chermiti,0.2,392,61,False,None,0,0.0,a,9,11,2023-08-11,27.0,294,32,3,0,0,0,0,0.0,0.6,Y.Chermiti,1
0,None,0,0,True,True,None,None,0,0,536241,None,,0,0,0,0,0.0,546,42,0,None,,0,4,1.5,None,0,0.00,0,0.00,0,0.00,0.00,0,0,Martin,0.0,266,9,0,0,0,False,0.0,550,42,313,False,0.0,550,42,0,,None,45,487,57,p536241,0,0,None,0,,536241.jpg,0.0,552,43,0,None,False,0,0,Sherif,0.3,327,56,False,None,0,0,a,9,11,None,0.0,529,42,0,0,0,0,0,0.0,0.0,Sherif,0
2,1992-03-04,5,475,True,True,None,None,5,0.13,80201,None,,0,0,0,0,20.0,324,6,0,None,,0,1,3.1,None,0,0.03,0.0,0.03,0.0,0.00,47.75,1.26,0.0,Bernd,0.0,325,60,54,1.42,0,False,98.6,130,2,314,False,967.0,8,2,3420,,None,50,212,5,p80201,0,0,None,1,,80201.jpg,3.0,132,19,0,80,False,110,2.89,Leno,1.6,145,21,False,None,38,1.0,a,10,54,2022-08-02,0.0,572,61,115,0,0,0,0,0.0,23.0,Leno,5
0,1998-10-01,0,0,True,True,None,None,0,0,428971,None,,0,0,0,0,0.0,410,38,0,None,,0,1,1.0,None,0,0.00,0,0.00,0,0.00,0.00,0,0,Steven,0.0,39,21,0,0,0,False,0.0,420,47,315,False,0.0,420,47,0,,None,40,579,52,p428971,0,0,None,0,,428971.jpg,0.0,423,47,0,80,False,0,0,Benda,0.2,428,56,False,None,0,0,a,10,54,2023-08-30,0.0,378,23,0,0,0,0,0,0.0,0.0,Benda,0
10,1997-08-08,8,507,True,True,None,None,5,0.14,169528,None,,0,0,0,0,723.4,31,2,0,None,,0,2,2.6,None,0,4.17,0.12,4.87,0.14,0.70,44.79,1.27,0.02,Antonee,0.0,343,165,49,1.39,0,False,185.5,48,4,316,False,922.2,14,4,3166,,None,50,230,35,p169528,0,0,None,0,,169528.jpg,2.9,141,40,0,229,False,0,0.0,Robinson,7.0,56,21,False,None,35,0.99,a,10,54,2020-08-20,206.0,147,24,106,0,0,0,0,0.0,21.2,Robinson,8
0,1996-05-31,3,306,True,True,None,None,4,0.13,174874,None,,0,0,0,0,99.0,239,78,0,None,,0,2,1.9,None,0,0.57,0.02,1.61,0.06,1.04,37.85,1.27,0.04,Joachim,0.0,157,102,47,1.58,0,False,95.0,137,34,317,False,687.6,53,20,2673,,None,45,378,82,p174874,1,0,None,0,,174874.jpg,1.7,280,98,1,58,False,0,0.0,Andersen,0.5,265,93,False,None,30,1.01,a,10,54,2024-08-23,162.0,174,41,51,0,0,0,0,0.0,11.3,Andersen,7
0,1999-12-31,0,390,True,True,None,None,5,0.15,232892,None,,0,0,0,0,96.7,240,79,0,None,,0,2,1.9,None,0,0.42,0.01,1.44,0.04,1.02,39.22,1.15,0.03,Calvin,0.0,189,128,47,1.38,1,False,84.1,159,46,318,False,587.2,95,31,3074,,None,45,410,108,p232892,0,0,None,0,,232892.jpg,2.1,229,82,0,157,False,0,0.0,Bassey,0.4,293,107,False,None,34,1.0,a,10,54,2023-07-28,157.0,180,47,75,0,0,0,0,0.0,16.7,Bassey,7
1,1995-12-05,0,205,True,True,None,None,3,0.16,166477,None,,0,0,0,0,163.6,196,50,0,None,,0,2,1.9,None,0,0.56,0.03,0.94,0.05,0.38,22.39,1.23,0.02,Timothy,0.0,154,100,28,1.53,0,False,64.9,209,66,319,False,360.4,172,60,1642,,None,45,375,80,p166477,0,0,None,0,,166477.jpg,1.9,253,88,0,21,False,0,0.0,Castagne,0.2,453,183,False,None,17,0.93,a,10,54,2023-08-29,123.0,202,60,46,0,0,0,0,0.0,10.2,Castagne,1
0,1997-01-09,0,146,True,True,None,None,1,0.07,219924,None,,0,0,0,0,44.7,286,105,0,None,,0,2,1.9,None,0,0.07,0.0,0.58,0.03,0.51,19.98,1.35,0.03,Issa,0.0,172,116,19,1.28,0,False,38.3,263,89,320,False,257.6,219,78,1334,,None,45,393,96,p219924,1,0,None,0,,219924.jpg,1.5,299,106,0,73,False,0,0.0,Diop,0.1,543,205,False,None,15,1.01,a,10,54,2022-08-10,83.0,235,77,31,0,0,0,0,0.0,6.9,Diop,2
0,1999-11-17,0,38,True,True,None,None,0,0.0,246301,None,,0,0,0,0,2.3,357,132,0,None,,0,2,1.9,None,0,0.01,0.0,0.03,0.01,0.02,8.99,2.32,0.01,Jorge,0.0,195,133,8,2.06,0,False,8.6,335,122,321,False,81.2,313,116,349,,None,45,416,113,p246301,0,0,None,0,,246301.jpg,1.1,333,118,0,200,False,0,0.0,Cuenca Barreno,0.1,600,215,False,None,4,1.03,a,10,54,2024-08-03,4.0,335,127,9,0,0,0,0,0.0,2.0,J.Cuenca,0
2,1995-10-09,0,207,True,True,None,None,3,0.15,167074,None,,0,0,0,0,192.2,179,40,0,None,,0,2,1.9,None,0,0.65,0.03,2.02,0.1,1.37,25.50,1.29,0.07,Kenny,0.0,155,101,26,1.32,0,False,73.1,190,59,322,False,381.2,167,57,1773,,None,45,376,81,p167074,0,0,None,0,,167074.jpg,2.2,215,75,0,152,False,0,0.0,Tete,0.2,456,184,False,None,21,1.07,a,10,54,2020-09-10,158.0,177,44,49,0,0,0,0,0.0,10.9,Tete,5
0,None,0,0,True,True,None,None,0,0,591385,None,,0,0,0,0,0.0,471,193,0,None,,0,2,1.0,None,0,0.00,0,0.00,0,0.00,0.00,0,0,Samuel,0.0,115,72,0,0,0,False,0.0,480,194,323,False,0.0,480,194,0,,None,40,655,213,p591385,0,0,None,0,,591385.jpg,0.0,483,194,0,None,False,0,0,Amissah,0.3,370,150,False,None,0,0,a,10,54,None,0.0,448,192,0,0,0,0,0,0.0,0.0,Amissah,0
6,1996-05-03,16,704,True,True,None,None,6,0.18,153133,None,,0,0,0,0,922.4,11,10,0,None,,0,3,2.2,None,0,6.90,0.21,11.23,0.34,4.33,38.06,1.15,0.13,Alex,0.0,594,249,45,1.36,9,False,243.0,11,8,324,False,806.8,27,6,2981,,None,65,47,33,p153133,0,0,None,0,,153133.jpg,4.1,37,20,0,157,False,0,0.0,Iwobi,1.2,167,58,False,None,35,1.06,a,10,54,2023-09-01,699.0,36,22,156,0,0,0,0,0.0,24.0,Iwobi,1
3,2000-07-28,15,449,True,True,None,None,7,0.31,209289,None,,0,0,0,0,422.3,86,67,0,None,,0,3,2.1,None,0,2.04,0.09,6.49,0.29,4.45,25.35,1.12,0.2,Emile,0.0,568,235,28,1.24,6,False,124.4,98,64,325,False,433.8,143,63,2036,,None,60,90,65,p209289,0,0,None,0,,209289.jpg,3.4,103,50,0,241,False,0,0.0,Smith Rowe,1.2,173,61,False,None,25,1.11,a,10,54,2024-08-02,386.0,82,57,114,0,0,0,0,0.0,19.0,Smith Rowe,3
8,1996-01-25,8,384,True,True,None,None,3,0.15,159533,None,,0,0,0,0,632.1,44,37,0,None,,0,3,2.0,None,0,4.61,0.24,8.72,0.45,4.11,25.17,1.29,0.21,Adama,0.0,473,174,28,1.44,2,False,144.6,77,54,326,False,385.4,165,77,1756,,None,55,126,83,p159533,0,0,None,0,,159533.jpg,2.6,174,74,0,200,False,0,0.0,Traoré Diarra,0.3,326,104,False,None,18,0.92,a,10,54,2023-08-12,426.0,72,49,95,0,0,0,0,0.0,17.3,Adama,3
6,1996-01-01,2,355,True,True,None,None,5,0.22,156689,1,,0,0,0,0,868.3,12,11,0,1,,0,3,2.0,None,0,4.63,0.21,8.87,0.4,4.24,27.35,1.23,0.19,Andreas,0.0,472,173,32,1.44,2,False,149.0,73,51,327,False,326.6,195,91,2004,,None,55,125,82,p156689,0,1,2,0,,156689.jpg,2.5,186,79,0,30,False,0,0.0,Hoelgebaum Pereira,0.4,276,91,False,None,25,1.12,a,10,54,2022-07-11,300.0,102,71,81,0,0,0,0,0.0,14.7,Andreas,8
2,2000-05-18,5,137,True,True,None,None,1,0.16,184349,None,,0,0,0,0,158.8,200,126,0,None,,0,3,2.0,None,0,1.12,0.18,2.76,0.44,1.64,8.20,1.29,0.26,Ryan,0.0,479,178,10,1.57,4,False,67.1,204,108,328,False,284.0,206,97,574,,None,55,132,87,p184349,0,0,None,0,,184349.jpg,3.6,75,36,0,241,False,0,0.0,Sessegnon,0.2,410,129,False,None,7,1.1,a,10,54,2024-07-26,227.0,131,87,57,0,0,0,0,0.0,10.4,Sessegnon,1
2,1997-03-22,6,329,True,True,None,None,2,0.16,153682,3,,0,0,0,0,310.2,119,85,0,3,,0,3,2.0,None,0,1.17,0.09,5.36,0.42,4.19,16.22,1.27,0.33,Harry,0.0,470,172,21,1.65,6,False,107.8,122,74,329,False,334.6,192,88,1148,,None,55,123,81,p153682,0,0,None,0,,153682.jpg,3.1,128,61,0,244,False,0,0.0,Wilson,0.2,409,128,False,None,12,0.94,a,10,54,2021-07-24,440.0,69,48,78,0,0,0,0,0.0,14.2,Wilson,2
0,1998-02-14,2,334,True,True,None,None,4,0.16,207189,None,,0,0,0,0,285.7,127,88,0,None,,0,3,1.5,None,0,0.63,0.03,1.08,0.05,0.45,30.81,1.25,0.02,Sander,0.0,362,103,35,1.42,0,False,65.1,207,110,330,False,314.4,199,94,2221,,None,50,249,158,p207189,0,0,None,0,,207189.jpg,1.7,283,129,0,161,False,0,0.0,Berge,0.1,518,185,False,None,26,1.05,a,10,54,2024-08-22,51.0,262,140,53,0,0,0,0,0.0,10.6,Berge,6
0,1991-01-20,0,192,True,True,None,None,1,0.15,76357,None,,0,0,0,0,213.8,164,114,0,2,,0,3,1.5,None,0,1.14,0.17,1.87,0.28,0.73,9.59,1.41,0.11,Tom,0.0,322,81,12,1.77,2,False,47.2,245,127,331,False,163.8,270,126,610,,None,50,209,136,p76357,0,0,None,0,,76357.jpg,1.3,322,152,1,243,False,0,0.0,Cairney,0.1,594,243,False,None,3,0.44,a,10,54,2015-07-07,94.0,227,125,33,0,0,0,0,0.0,6.6,Cairney,3
2,1996-08-13,1,354,True,True,None,None,4,0.15,212314,4,,0,0,0,0,455.1,78,62,0,None,,0,3,1.5,None,0,1.40,0.05,2.56,0.09,1.16,33.02,1.27,0.04,Saša,0.0,367,107,37,1.42,0,False,91.0,144,83,332,False,335.6,190,86,2348,,None,50,254,162,p212314,0,0,None,0,,212314.jpg,1.9,258,116,0,190,False,0,0.0,Lukić,0.1,552,208,False,None,28,1.07,a,10,54,2023-01-31,119.0,205,118,56,0,0,0,0,0.0,11.2,Lukić,12
0,2003-03-14,0,4,True,True,None,None,0,0.0,573062,None,,0,0,0,0,12.0,337,171,0,None,,0,3,1.0,None,0,0.07,0.3,0.07,0.3,0.00,0.15,0.64,0.0,Martial,0.0,288,61,0,0.0,0,False,3.0,359,170,333,False,3.4,379,178,21,,None,45,509,282,p573062,0,0,None,0,,573062.jpg,1.0,361,164,0,54,False,0,0.0,Godo,0.1,587,237,False,None,0,0.0,a,10,54,2022-08-22,14.0,313,164,2,0,0,0,0,0.0,0.4,Godo,0
0,2005-03-04,0,0,True,True,None,None,0,0,515024,None,,0,0,0,0,0.0,537,217,0,None,,0,3,1.0,None,0,0.00,0,0.00,0,0.00,0.00,0,0,Luke,0.0,253,38,0,0,0,False,0.0,541,217,334,False,0.0,541,217,0,,None,45,474,259,p515024,0,0,None,0,,515024.jpg,0.0,543,218,0,244,False,0,0,Harris,0.1,522,188,False,None,0,0,a,10,54,2022-08-05,0.0,519,209,0,0,0,0,0,0.0,0.0,Harris,0
0,2007-01-03,0,30,True,True,None,None,1,0.71,577725,None,,0,0,0,0,45.7,283,153,0,None,,0,3,1.0,None,0,0.67,0.48,0.95,0.68,0.28,0.74,0.53,0.2,Josh,0.0,296,64,0,0.0,0,False,11.2,325,155,335,False,26.2,347,163,126,,None,45,517,285,p577725,0,0,None,0,,577725.jpg,1.2,327,155,0,241,False,0,0.0,King,0.3,376,115,False,None,1,0.71,a,10,54,2024-02-02,38.0,274,146,10,0,0,0,0,0.0,2.2,King,0
0,1995-01-27,0,36,True,True,None,None,0,0.0,153366,None,,0,0,0,0,20.6,321,167,0,None,,0,3,1.0,None,0,0.09,0.08,0.32,0.29,0.23,4.62,4.16,0.21,Harrison,0.0,152,3,3,2.7,0,False,7.1,345,165,336,False,18.6,354,166,100,,None,45,373,224,p153366,0,0,None,0,,153366.jpg,0.8,385,183,0,241,False,0,0.0,Reed,0.3,351,110,False,None,0,0.0,a,10,54,2020-08-30,33.0,279,149,10,0,0,0,0,0.0,2.2,Reed,2
3,1991-05-05,26,539,True,True,None,None,7,0.25,102057,None,,0,0,0,0,372.2,97,6,0,4,,0,4,2.2,None,0,2.07,0.07,14.04,0.5,11.97,33.49,1.21,0.43,Raúl,0.0,591,50,37,1.34,12,False,199.7,31,7,337,False,612.8,83,9,2486,,None,65,44,14,p102057,0,0,1,0,,102057.jpg,3.9,52,15,0,139,False,0,0.0,Jiménez Rodríguez,2.4,120,23,False,None,30,1.09,a,10,54,2023-07-25,1018.0,10,6,147,0,0,0,0,0.0,22.6,Raúl,4
1,2001-05-04,14,349,True,True,None,None,2,0.19,244042,None,,0,0,0,0,95.3,241,24,0,None,,0,4,1.8,None,0,0.20,0.02,6.11,0.58,5.91,15.28,1.46,0.56,Rodrigo,0.0,503,36,17,1.62,8,False,95.4,136,18,338,False,352.4,179,18,943,,None,55,156,31,p244042,0,0,None,0,,244042.jpg,2.8,160,18,0,30,False,0,0.0,Muniz Carvalho,2.7,107,21,False,None,8,0.76,a,10,54,2021-08-20,508.0,59,18,86,0,0,0,0,0.0,15.6,Muniz,1
0,2000-03-02,0,0,True,True,None,None,0,0,437495,None,,0,0,0,0,0.0,500,66,0,None,,0,1,1.8,None,0,0.00,0,0.00,0,0.00,0.00,0,0,Illan,0.0,198,54,0,0,0,False,0.0,504,70,339,False,0.0,504,70,0,,None,45,419,26,p437495,0,0,None,0,,437495.jpg,0.0,507,70,0,73,False,0,0,Meslier,1.4,158,23,False,None,0,0,a,11,2,2020-07-27,0.0,480,55,0,0,0,0,0,0.0,0.0,Meslier,0
0,1993-01-04,0,0,True,True,None,None,0,0,97846,None,,0,0,0,0,0.0,386,26,0,None,,0,1,0.5,None,0,0.00,0,0.00,0,0.00,0.00,0,0,Alex,0.0,11,9,0,0,0,False,0.0,397,36,340,False,0.0,397,36,0,,None,40,551,40,p97846,0,0,None,0,,97846.jpg,0.0,401,37,0,241,False,0,0,Cairns,0.4,303,42,False,None,0,0,a,11,2,2024-07-08,0.0,352,11,0,0,0,0,0,0.0,0.0,Cairns,0
0,1990-10-08,0,0,True,True,None,None,0,0,59735,None,,0,0,0,0,0.0,380,20,0,None,,0,1,0.5,None,0,0.00,0,0.00,0,0.00,0.00,0,0,Karl,0.0,4,3,0,0,0,False,0.0,393,32,341,False,0.0,393,32,0,,None,40,544,34,p59735,0,0,None,0,,59735.jpg,0.0,397,33,0,244,False,0,0,Darlow,8.7,48,8,False,None,0,0,a,11,2,2023-07-29,0.0,346,5,0,0,0,0,0,0.0,0.0,Darlow,0
0,2000-07-27,0,0,True,True,None,None,0,0,226182,None,,0,0,0,0,0.0,495,207,0,None,,0,2,1.4,None,0,0.00,0,0.00,0,0.00,0.00,0,0,Jayden,0.0,179,121,0,0,0,False,0.0,500,208,342,False,0.0,500,208,0,,None,45,400,101,p226182,0,0,None,0,,226182.jpg,0.0,503,208,0,241,False,0,0,Bogle,1.0,187,64,False,None,0,0,a,11,2,2024-07-20,0.0,474,206,0,0,0,0,0,0.0,0.0,Bogle,0
0,1999-08-11,0,0,True,True,None,None,0,0,222694,None,,0,0,0,0,0.0,493,205,0,None,,0,2,1.4,None,0,0.00,0,0.00,0,0.00,0.00,0,0,Pascal,0.0,176,118,0,0,0,False,0.0,498,206,343,False,0.0,498,206,0,,None,45,397,98,p222694,0,0,1,0,,222694.jpg,0.0,501,206,0,152,False,0,0,Struijk,0.5,267,94,False,None,0,0,a,11,2,2018-04-12,0.0,472,204,0,0,0,0,0,0.0,0.0,Struijk,0
0,1999-02-05,0,0,True,True,0,None,0,0,434752,None,,0,0,0,0,0.0,412,154,0,None,,0,2,0.0,None,0,0.00,0,0.00,0,0.00,0.00,0,0,Jaka,0.0,41,20,0,0,0,False,0.0,422,156,344,False,0.0,422,156,0,Suspended until 23 Aug,2025-07-21T10:00:04.901206Z,40,581,161,p434752,0,0,None,0,,434752.jpg,0.0,425,156,0,195,False,0,0,Bijol,0.3,372,151,False,None,0,0,s,11,2,2025-06-23,0.0,380,146,0,0,0,0,0,0.0,0.0,Bijol,0
0,1999-03-22,0,0,True,True,None,None,0,0,437738,None,,0,0,0,0,0.0,413,155,0,None,,0,2,0.5,None,0,0.00,0,0.00,0,0.00,0.00,0,0,Sebastiaan,0.0,43,22,0,0,0,False,0.0,423,157,345,False,0.0,423,157,0,,None,40,583,163,p437738,0,0,None,0,,437738.jpg,0.0,426,157,0,21,False,0,0,Bornauw,0.4,315,118,False,None,0,0,a,11,2,2025-07-01,0.0,381,147,0,0,0,0,0,0.0,0.0,Bornauw,0
0,1993-09-16,0,0,True,True,None,None,0,0,113564,None,,0,0,0,0,0.0,388,141,0,None,,0,2,0.5,None,0,0.00,0,0.00,0,0.00,0.00,0,0,Sam,0.0,14,4,0,0,0,False,0.0,399,143,346,False,0.0,399,143,0,,None,40,554,145,p113564,0,0,None,0,,113564.jpg,0.0,403,143,0,241,False,0,0,Byram,0.4,289,105,False,None,0,0,a,11,2,2023-08-05,0.0,354,131,0,0,0,0,0,0.0,0.0,Byram,0
0,1999-04-29,0,0,True,True,None,None,0,0,243526,None,,0,0,0,0,0.0,408,151,0,None,,0,2,0.5,None,0,0.00,0,0.00,0,0.00,0.00,0,0,Gabriel,0.0,37,17,0,0,0,False,0.0,418,153,347,False,0.0,418,153,0,,None,40,577,158,p243526,0,0,None,0,,243526.jpg,0.0,421,153,0,206,False,0,0,Gudmundsson,1.7,141,47,False,None,0,0,a,11,2,2025-07-08,0.0,376,143,0,0,0,0,0,0.0,0.0,Gudmundsson,0
0,1997-10-22,0,0,True,True,None,None,0,0,214225,None,,0,0,0,0,0.0,398,145,0,None,,0,2,0.5,None,0,0.00,0,0.00,0,0.00,0.00,0,0,Joe,0.0,26,10,0,0,0,False,0.0,409,147,348,False,0.0,409,147,0,,None,40,566,151,p214225,0,0,None,0,,214225.jpg,0.0,412,147,0,244,False,0,0,Rodon,1.9,135,46,False,None,0,0,a,11,2,2024-07-02,0.0,365,136,0,0,0,0,0,0.0,0.0,Rodon,0
0,1999-12-07,0,0,True,True,None,None,0,0,492368,None,,0,0,0,0,0.0,440,170,0,None,,0,2,0.5,None,0,0.00,0,0.00,0,0.00,0.00,0,0,Isaac,0.0,73,39,0,0,0,False,0.0,450,172,349,False,0.0,450,172,0,,None,40,613,180,p492368,0,0,None,0,,492368.jpg,0.0,453,172,0,207,False,0,0,Schmidt,0.3,342,132,False,None,0,0,a,11,2,2024-08-30,0.0,410,163,0,0,0,0,0,0.0,0.0,Schmidt,0
0,2000-10-22,0,0,True,True,None,None,0,0,427637,None,,0,0,0,0,0.0,640,285,0,2,,0,3,1.5,None,0,0.00,0,0.00,0,0.00,0.00,0,0,Brenden,0.0,505,194,0,0,0,False,0.0,640,285,350,False,0.0,640,285,0,,None,55,158,103,p427637,0,0,None,0,,427637.jpg,0.0,640,285,0,229,False,0,0,Aaronson,0.1,524,189,False,None,0,0,a,11,2,2022-07-01,0.0,637,282,0,0,0,0,0,0.0,0.0,Aaronson,0
0,2003-11-05,0,0,True,True,None,None,0,0,492859,None,,0,0,0,0,0.0,648,291,0,None,,0,3,1.5,None,0,0.00,0,0.00,0,0.00,0.00,0,0,Wilfried,0.0,532,210,0,0,0,False,0.0,648,291,351,False,0.0,648,291,0,,None,55,185,119,p492859,0,0,None,0,,492859.jpg,0.0,648,291,0,106,False,0,0,Gnonto,0.9,194,64,False,None,0,0,a,11,2,2022-09-01,0.0,646,289,0,0,0,0,0,0.0,0.0,Gnonto,0
3,1996-11-20,4,291,True,True,None,None,7,0.3,221399,None,,0,0,0,0,527.7,64,51,0,None,,0,3,1.5,None,0,3.12,0.14,6.66,0.29,3.54,31.23,1.36,0.15,Jack,0.0,494,188,27,1.18,1,False,108.6,120,73,352,False,277.0,211,102,2068,,None,55,147,97,p221399,0,0,None,0,,221399.jpg,2.4,198,86,0,241,False,0,0.0,Harrison,0.2,399,123,False,None,24,1.04,a,11,2,2021-07-02,288.0,106,73,81,0,0,0,0,0.0,14.7,Harrison,0
0,1997-11-10,0,0,True,True,None,None,0,0,200617,2,,0,0,0,0,0.0,636,282,0,None,,0,3,1.5,None,0,0.00,0,0.00,0,0.00,0.00,0,0,Daniel,0.0,482,180,0,0,0,False,0.0,636,282,353,False,0.0,636,282,0,,None,55,135,89,p200617,0,0,None,0,,200617.jpg,0.0,636,282,0,244,False,0,0,James,1.1,175,62,False,None,0,0,a,11,2,2021-08-31,0.0,633,279,0,0,0,0,0,0.0,0.0,James,0
0,2000-09-14,0,0,True,True,None,None,0,0,199598,None,,0,0,0,0,0.0,594,250,0,None,,0,3,1.0,None,0,0.00,0,0.00,0,0.00,0.00,0,0,Ethan,0.0,353,97,0,0,0,False,0.0,596,250,354,False,0.0,596,250,0,,None,50,240,152,p199598,0,0,None,0,,199598.jpg,0.0,597,251,0,244,False,0,0,Ampadu,0.2,455,149,False,None,0,0,a,11,2,2023-07-19,0.0,583,245,0,0,0,0,0,0.0,0.0,Ampadu,0
0,2002-01-26,0,0,True,True,None,None,0,0,248937,None,,0,0,0,0,0.0,600,255,0,None,,0,3,1.0,None,0,0.00,0,0.00,0,0.00,0.00,0,0,Sam,0.0,389,119,0,0,0,False,0.0,602,255,355,False,0.0,602,255,0,,None,50,276,174,p248937,0,0,None,0,,248937.jpg,0.0,603,256,0,241,False,0,0,Greenwood,0.2,465,155,False,None,0,0,a,11,2,2021-01-09,0.0,591,250,0,0,0,0,0,0.0,0.0,Greenwood,0
0,2000-05-06,0,0,True,True,None,None,0,0,486520,1,,0,0,0,0,0.0,616,266,0,1,,0,3,1.0,None,0,0.00,0,0.00,0,0.00,0.00,0,0,Ilia,0.0,422,138,0,0,0,False,0.0,617,266,356,False,0.0,617,266,0,,None,50,309,193,p486520,0,0,None,0,,486520.jpg,0.0,617,266,0,34,False,0,0,Gruev,0.1,540,199,False,None,0,0,a,11,2,2023-08-31,0.0,609,263,0,0,0,0,0,0.0,0.0,Gruev,0
0,2001-02-27,0,0,True,True,None,None,0,0,433952,None,,0,0,0,0,0.0,604,257,0,None,,0,3,1.0,None,0,0.00,0,0.00,0,0.00,0.00,0,0,Largie,0.0,397,123,0,0,0,False,0.0,607,258,357,False,0.0,607,258,0,,None,50,284,178,p433952,0,0,None,0,,433952.jpg,0.0,607,258,0,21,False,0,0,Ramazani,0.1,481,165,False,None,0,0,a,11,2,2024-08-22,0.0,596,253,0,0,0,0,0,0.0,0.0,Ramazani,0
0,1998-09-10,0,0,True,True,None,None,0,0,248056,None,,0,0,0,0,0.0,599,254,0,None,,0,3,1.0,None,0,0.00,0,0.00,0,0.00,0.00,0,0,Tanaka,0.0,388,118,0,0,0,False,0.0,601,254,358,False,0.0,601,254,0,,None,50,275,173,p248056,0,0,None,0,,248056.jpg,0.0,602,255,0,108,False,0,0,Ao,0.6,238,77,False,None,0,0,a,11,2,2024-08-30,0.0,590,249,0,0,0,0,0,0.0,0.0,Tanaka,0
0,2006-06-15,0,0,True,True,None,None,0,0,536119,None,,0,0,0,0,0.0,545,222,0,None,,0,3,0.5,None,0,0.00,0,0.00,0,0.00,0.00,0,0,Charlie,0.0,265,45,0,0,0,False,0.0,549,222,359,False,0.0,549,222,0,,None,45,486,266,p536119,0,0,None,0,,536119.jpg,0.0,551,223,0,244,False,0,0,Crew,0.1,542,200,False,None,0,0,a,11,2,2024-03-28,0.0,528,215,0,0,0,0,0,0.0,0.0,Crew,0
0,2002-05-04,0,0,True,True,None,None,0,0,462635,None,,0,0,0,0,0.0,515,200,0,None,,0,3,0.5,None,0,0.00,0,0.00,0,0.00,0.00,0,0,Joe,0.0,217,19,0,0,0,False,0.0,519,200,360,False,0.0,519,200,0,,None,45,438,240,p462635,0,0,None,0,,462635.jpg,0.0,522,201,0,241,False,0,0,Gelhardt,0.4,282,93,False,None,0,0,a,11,2,2021-02-07,0.0,495,192,0,0,0,0,0,0.0,0.0,Gelhardt,0
0,2004-02-18,0,0,True,True,None,None,0,0,470294,None,,0,0,0,0,0.0,518,202,0,None,,0,3,0.5,None,0,0.00,0,0.00,0,0.00,0.00,0,0,Darko,0.0,221,21,0,0,0,False,0.0,522,202,361,False,0.0,522,202,0,,None,45,442,242,p470294,0,0,None,0,,470294.jpg,0.0,525,203,0,241,False,0,0,Gyabi,0.1,581,232,False,None,0,0,a,11,2,2022-07-04,0.0,498,194,0,0,0,0,0,0.0,0.0,Gyabi,0
0,1999-08-02,0,0,True,True,None,None,0,0,235826,None,,0,0,0,0,0.0,639,62,0,3,,0,4,1.3,None,0,0.00,0,0.00,0,0.00,0.00,0,0,Joël,0.0,502,35,0,0,0,False,0.0,639,62,362,False,0.0,639,62,0,,None,55,155,30,p235826,0,0,2,0,,235826.jpg,0.0,639,62,0,152,False,0,0,Piroe,3.6,88,18,False,None,0,0,a,11,2,2023-08-24,0.0,636,62,0,0,0,0,0,0.0,0.0,Piroe,0
0,1993-09-05,0,0,True,True,None,None,0,0,106617,None,,0,0,0,0,0.0,588,54,0,None,,0,4,0.9,None,0,0.00,0,0.00,0,0.00,0.00,0,0,Patrick,0.0,331,22,0,0,0,False,0.0,591,54,363,False,0.0,591,54,0,,None,50,218,39,p106617,0,0,None,0,,106617.jpg,0.0,592,54,0,241,False,0,0,Bamford,3.6,87,17,False,None,0,0,a,11,2,2018-07-31,0.0,577,54,0,0,0,0,0,0.0,0.0,Bamford,0
0,2003-10-19,0,0,True,True,None,None,0,0,565297,None,,0,0,0,0,0.0,624,60,0,None,,0,4,0.9,None,0,0.00,0,0.00,0,0.00,0.00,0,0,Mateo,0.0,446,30,0,0,0,False,0.0,625,60,364,False,0.0,625,60,0,,None,50,333,47,p565297,0,0,None,0,,565297.jpg,0.0,625,60,0,200,False,0,0,Joseph Fernández-Regatillo,0.3,363,58,False,None,0,0,a,11,2,2022-11-04,0.0,617,60,0,0,0,0,0,0.0,0.0,Mateo Joseph,0
0,1998-12-14,0,0,True,True,None,None,0,0,174594,None,,0,0,0,0,0.0,592,55,0,None,,0,4,0.9,None,0,0.00,0,0.00,0,0.00,0.00,0,0,Lukas,0.0,348,23,0,0,0,False,0.0,595,55,365,False,0.0,595,55,0,,None,50,235,40,p174594,0,0,None,0,,174594.jpg,0.0,596,55,0,80,False,0,0,Nmecha,1.1,180,32,False,None,0,0,a,11,2,2025-07-01,0.0,581,55,0,0,0,0,0,0.0,0.0,Nmecha,0
1,1997-10-30,0,131,True,True,None,None,2,0.23,180135,None,,0,0,0,0,78.4,253,142,0,None,,0,3,1.0,None,0,0.22,0.03,0.82,0.1,0.60,11.32,1.3,0.07,Sean,0.0,349,95,11,1.26,0,False,27.3,288,143,493,False,117.2,293,141,783,,None,50,236,150,p180135,0,0,None,0,,180135.jpg,1.4,316,147,0,241,False,0,0.0,Longstaff,0.4,299,95,False,None,8,0.92,a,11,2,2025-07-18,76.0,241,133,34,0,0,0,0,0.0,6.8,Longstaff,2
0,1998-11-15,0,0,True,True,None,None,0,0,466525,None,,0,0,0,0,0.0,612,262,0,None,,0,3,1.0,None,0,0.00,0,0.00,0,0.00,0.00,0,0,Anton,0.0,412,132,0,0,0,False,0.0,614,263,660,False,0.0,614,263,0,,None,50,299,187,p466525,0,0,None,0,,466525.jpg,0.0,614,263,0,80,False,0,0,Stach,0.1,623,267,False,None,0,0,a,11,2,2025-07-22,0.0,605,259,0,0,0,0,0,0.0,0.0,Stach,0
0,1992-10-02,9,451,True,True,None,None,10,0.36,116535,None,,0,0,0,0,13.0,333,10,0,None,,0,1,5.0,None,0,0.20,0.01,0.20,0.01,0.00,27.10,0.97,0.0,Alisson,0.0,463,72,29,1.04,0,False,64.0,211,12,366,False,628.8,72,12,2508,,None,55,116,2,p116535,0,0,None,0,,116535.jpg,4.0,41,7,0,30,False,78,2.8,Becker,10.2,42,7,False,None,28,1.0,a,12,14,2018-07-19,0.0,627,72,112,0,0,0,0,0.0,20.4,A.Becker,0
0,2000-09-29,0,0,True,True,None,None,0,0,449027,None,,0,0,0,0,0.0,507,67,0,None,,0,1,3.3,None,0,0.00,0,0.00,0,0.00,0.00,0,0,Giorgi,0.0,208,55,0,0,0,False,0.0,511,71,367,False,0.0,511,71,0,,None,45,429,27,p449027,0,0,None,0,,449027.jpg,0.0,514,71,0,79,False,0,0,Mamardashvili,0.7,222,30,False,None,0,0,a,12,14,2024-08-27,0.0,487,56,0,0,0,0,0,0.0,0.0,Mamardashvili,0
0,2005-02-24,0,0,True,True,None,None,0,0,586268,None,,0,0,0,0,0.0,466,57,0,None,,0,1,2.0,None,0,0.00,0,0.00,0,0.00,0.00,0,0,Ármin,0.0,109,42,0,0,0,False,0.0,475,66,368,False,0.0,475,66,0,,None,40,649,73,p586268,0,0,None,0,,586268.jpg,0.0,478,66,0,98,False,0,0,Pécsi,0.1,503,70,False,None,0,0,a,12,14,2025-06-07,0.0,442,44,0,0,0,0,0,0.0,0.0,Pécsi,0
0,1997-03-04,0,0,True,True,None,None,0,0,155503,None,,0,0,0,0,0.0,392,31,0,None,,0,1,2.0,None,0,0.00,0,0.00,0,0.00,0.00,0,0,Freddie,0.0,18,14,0,0,0,False,0.0,403,41,369,False,0.0,403,41,0,,None,40,558,45,p155503,0,0,None,0,,155503.jpg,0.0,406,41,0,241,False,0,0,Woodman,0.1,485,67,False,None,0,0,a,12,14,2025-07-01,0.0,358,16,0,0,0,0,0,0.0,0.0,Woodman,0
0,2000-12-10,0,0,True,True,None,None,0,0,216094,None,,0,0,0,0,0.0,656,221,0,None,,0,2,5.0,None,0,0.00,0,0.00,0,0.00,0.00,0,0,Jeremie,0.0,571,216,0,0,0,False,0.0,656,221,370,False,0.0,656,221,0,,None,60,93,4,p216094,0,0,None,0,,216094.jpg,0.0,656,221,0,152,False,0,0,Frimpong,28.9,8,2,False,None,0,0,a,12,14,2025-06-01,0.0,655,221,0,0,0,0,0,0.0,0.0,Frimpong,0
6,2003-11-07,10,550,True,True,None,None,9,0.24,544877,None,,0,0,0,0,642.0,42,5,0,None,,0,2,5.0,None,0,2.57,0.07,3.17,0.09,0.60,48.69,1.31,0.02,Milos,0.0,586,221,45,1.21,2,False,157.3,64,6,371,False,694.0,51,18,3336,,None,60,108,9,p544877,0,0,None,0,,544877.jpg,3.5,90,15,0,98,False,0,0.0,Kerkez,13.8,29,10,False,None,38,1.03,a,12,14,2025-06-26,238.0,124,18,134,0,0,0,0,0.0,22.3,Kerkez,4
1,1994-03-11,4,397,True,True,None,None,10,0.36,122798,4,,0,0,0,0,668.7,38,4,0,None,,0,2,5.0,None,0,4.27,0.16,5.39,0.2,1.12,26.90,0.98,0.04,Andrew,0.0,559,214,32,1.16,0,False,124.4,97,18,372,False,395.4,159,54,2479,,None,60,81,2,p122798,1,0,None,0,,122798.jpg,2.8,162,52,1,243,False,0,0.0,Robertson,2.5,113,38,False,None,29,1.05,a,12,14,2017-07-21,182.0,165,33,91,0,0,0,0,0.0,15.2,Robertson,3
1,1991-07-08,8,631,True,True,None,None,14,0.38,97032,None,,0,0,0,0,206.6,170,37,0,3,,0,2,5.0,None,0,0.98,0.03,3.20,0.09,2.22,36.13,0.98,0.06,Virgil,0.0,556,213,38,1.03,3,False,143.7,79,9,373,False,932.6,12,2,3330,,None,60,78,1,p97032,0,0,None,0,,97032.jpg,3.9,51,4,0,152,False,0,0.0,van Dijk,18.3,18,7,False,None,37,1.0,a,12,14,2018-01-01,299.0,104,10,143,0,0,0,0,0.0,23.8,Virgil,5
2,1999-05-25,4,487,True,True,None,None,11,0.39,204716,None,,0,0,0,0,161.4,198,52,0,None,,0,2,4.3,None,0,0.91,0.03,2.71,0.09,1.80,26.67,0.94,0.06,Ibrahima,0.0,486,197,28,0.98,1,False,87.6,150,43,374,False,578.0,98,34,2561,,None,55,139,16,p204716,0,0,None,0,,204716.jpg,3.4,99,21,0,73,False,0,0.0,Konaté,2.5,112,37,False,None,30,1.05,a,12,14,2021-07-01,133.0,193,53,106,0,0,0,0,0.0,19.3,Konaté,5
2,2003-07-09,3,160,True,True,None,None,3,0.36,492777,None,,0,0,0,0,110.5,229,71,0,None,,0,2,3.6,None,0,1.43,0.17,2.13,0.25,0.70,12.40,1.5,0.08,Conor,0.0,427,188,10,1.21,0,False,42.8,254,83,375,False,156.2,276,101,744,,None,50,314,58,p492777,0,0,None,0,,492777.jpg,2.2,223,79,0,242,False,0,0.0,Bradley,0.7,210,72,False,None,7,0.85,a,12,14,2023-09-25,162.0,175,42,41,0,0,0,0,0.0,8.2,Bradley,4
0,1997-05-23,0,83,True,True,None,None,1,0.17,171287,None,,0,0,0,0,38.5,293,108,0,None,,0,2,3.6,None,0,0.09,0.02,0.42,0.08,0.33,5.38,0.94,0.06,Joe,0.0,344,166,8,1.39,0,False,22.8,299,109,376,False,130.4,289,104,517,,None,50,231,36,p171287,0,0,None,0,,171287.jpg,1.6,291,104,0,241,False,0,0.0,Gomez,0.2,457,185,False,None,6,1.04,a,12,14,2015-06-20,58.0,255,88,14,0,0,0,0,0.0,2.8,Gomez,1
1,1996-05-12,3,217,True,True,None,None,4,0.43,214285,3,,0,0,0,0,260.7,141,28,0,None,,0,2,3.6,None,0,2.32,0.25,2.71,0.29,0.39,9.03,0.98,0.04,Konstantinos,0.0,369,170,8,0.87,0,False,52.5,234,70,377,False,202.0,249,91,829,,None,50,256,40,p214285,0,0,None,0,,214285.jpg,2.4,191,66,0,83,False,0,0.0,Tsimikas,0.1,520,197,False,None,9,0.98,a,12,14,2020-08-10,60.0,252,86,43,0,0,0,0,0.0,8.6,Tsimikas,2
0,2006-11-18,0,0,True,True,None,None,0,0,611926,None,,0,0,0,0,0.0,473,195,0,None,,0,2,2.0,None,0,0.00,0,0.00,0,0.00,0.00,0,0,Amara,0.0,119,76,0,0,0,False,0.0,482,196,378,False,0.0,482,196,0,,None,40,659,217,p611926,0,0,None,0,,611926.jpg,0.0,485,196,0,241,False,0,0,Nallo,0.2,430,176,False,None,0,0,a,12,14,2024-02-27,0.0,450,194,0,0,0,0,0,0.0,0.0,Nallo,0
0,2001-02-03,0,0,True,True,None,None,0,0,219937,None,,0,0,0,0,0.0,400,146,0,None,,0,2,2.0,None,0,0.00,0,0.00,0,0.00,0.00,0,0,Rhys,0.0,28,11,0,0,0,False,0.0,410,148,379,False,0.0,410,148,0,,None,40,568,152,p219937,0,0,None,0,,219937.jpg,0.0,413,148,0,241,False,0,0,Williams,0.3,384,157,False,None,0,0,a,12,14,2020-09-23,0.0,367,137,0,0,0,0,0,0.0,0.0,R.Williams,0
0,2003-07-31,0,0,True,True,None,None,0,0,489580,None,,0,0,0,0,0.0,437,168,0,None,,0,2,2.0,None,0,0.00,0,0.00,0,0.00,0.00,0,0,Calvin,0.0,70,37,0,0,0,False,0.0,447,170,380,False,0.0,447,170,0,,None,40,610,178,p489580,0,0,None,0,,489580.jpg,0.0,450,170,0,243,False,0,0,Ramsay,0.3,381,155,False,None,0,0,a,12,14,2022-06-19,0.0,407,161,0,0,0,0,0,0.0,0.0,Ramsay,0
18,1992-06-15,55,1133,True,True,None,None,15,0.4,118748,None,,0,0,0,0,1199.2,3,3,0,4,,0,3,5.0,None,0,8.99,0.24,33.69,0.9,24.70,37.83,1.01,0.66,Mohamed,0.0,663,299,40,1.07,29,False,476.0,1,1,381,False,1577.0,1,1,3374,,None,145,1,1,p118748,0,0,1,0,,118748.jpg,9.1,1,1,0,63,False,0,0.0,Salah,57.6,2,1,False,None,38,1.01,a,12,14,2017-07-01,1985.0,1,1,344,0,0,0,0,0.0,23.7,M.Salah,1
0,2003-05-03,0,0,True,True,None,None,0,0,494595,None,,0,0,0,0,0.0,662,299,0,None,,0,3,3.7,None,0,0.00,0,0.00,0,0.00,0.00,0,0,Florian,0.0,655,295,0,0,0,False,0.0,662,299,382,False,0.0,662,299,0,,None,85,10,7,p494595,0,0,None,0,,494595.jpg,0.0,662,299,0,80,False,0,0,Wirtz,37.4,4,3,False,None,0,0,a,12,14,2025-06-20,0.0,662,299,0,0,0,0,0,0.0,0.0,Wirtz,0
7,1997-01-13,21,634,True,True,None,None,15,0.56,244731,None,,0,0,0,0,748.0,26,25,0,None,,0,3,3.6,None,0,4.34,0.16,16.24,0.61,11.90,24.44,0.92,0.45,Luis,0.0,650,290,21,0.79,13,False,246.4,10,7,383,False,770.8,33,9,2393,,None,80,15,10,p244731,0,0,None,0,,244731.jpg,5.1,10,5,0,48,False,0,0.0,Díaz Marulanda,2.4,119,38,False,None,28,1.05,a,12,14,2022-01-30,946.0,14,6,183,0,0,0,0,0.0,22.9,Luis Díaz,2
5,1999-05-07,22,572,True,True,None,None,5,0.23,243298,None,,0,0,0,0,517.7,66,53,0,None,,0,3,3.5,None,0,3.76,0.18,10.87,0.51,7.12,21.51,1.01,0.33,Cody,0.0,645,287,25,1.17,10,False,180.3,51,37,384,False,597.0,91,39,1921,,None,75,26,16,p243298,0,0,2,0,,243298.jpg,3.6,83,42,0,152,False,0,0.0,Gakpo,1.7,138,46,False,None,23,1.08,a,12,14,2023-01-01,686.0,39,25,127,0,0,0,0,0.0,16.9,Gakpo,5
0,1997-10-25,0,16,True,True,None,None,0,0.0,223541,None,,0,0,0,0,23.5,318,165,0,None,,0,3,3.2,None,0,0.15,0.13,0.49,0.43,0.34,2.80,2.45,0.3,Federico,0.0,602,255,3,2.62,0,False,6.7,348,166,385,False,9.0,364,171,103,,None,65,55,39,p223541,0,0,None,0,,223541.jpg,1.2,331,157,0,106,False,0,0.0,Chiesa,0.1,616,260,False,None,1,0.87,a,12,14,2024-08-29,36.0,276,147,7,0,0,0,0,0.0,1.1,Chiesa,0
6,1998-12-24,8,578,True,True,None,None,14,0.49,243016,1,,0,0,0,0,731.3,29,27,0,5,,0,3,3.2,None,0,5.57,0.19,8.46,0.29,2.89,24.21,0.84,0.1,Alexis,0.0,604,257,24,0.83,5,False,174.1,57,41,386,False,653.4,64,24,2597,,None,65,57,41,p243016,0,0,3,0,,243016.jpg,3.5,91,45,0,10,False,0,0.0,Mac Allister,1.4,156,53,False,None,30,1.04,a,12,14,2023-06-14,357.0,87,60,122,0,0,0,0,0.0,18.8,Mac Allister,6
10,2000-10-25,14,605,True,True,None,None,12,0.43,424876,5,,0,0,0,0,794.8,19,18,0,2,,0,3,3.2,None,0,6.06,0.22,13.00,0.47,6.94,26.78,0.97,0.25,Dominik,0.0,607,259,29,1.05,6,False,198.1,33,26,387,False,589.8,92,40,2485,,None,65,60,43,p424876,0,0,None,0,,424876.jpg,4.0,42,21,0,98,False,0,0.0,Szoboszlai,1.1,177,63,False,None,29,1.05,a,12,14,2023-07-02,601.0,49,32,143,0,0,0,0,0.0,22.0,Szoboszlai,6
5,2001-01-30,4,396,True,True,None,None,6,0.32,206915,None,,0,0,0,0,343.7,104,75,0,None,,0,3,3.0,None,0,1.46,0.08,5.80,0.31,4.34,23.35,1.23,0.23,Curtis,0.0,488,184,27,1.43,3,False,113.6,115,71,388,False,397.2,158,73,1702,,None,55,141,93,p206915,0,0,None,0,,206915.jpg,2.6,175,75,1,241,False,0,0.0,Jones,0.1,517,184,False,None,19,1.0,a,12,14,2018-04-06,400.0,79,55,87,0,0,0,0,0.0,15.8,C.Jones,1
2,2003-04-04,3,120,True,True,None,None,0,0.0,444884,None,,0,0,0,0,145.8,207,127,0,None,,0,3,3.0,None,0,0.64,0.16,2.42,0.61,1.78,6.14,1.54,0.45,Harvey,0.0,517,202,6,1.5,1,False,40.4,256,132,389,False,118.6,292,140,359,,None,55,170,111,p444884,0,0,None,0,,444884.jpg,1.8,275,126,0,241,False,0,0.0,Elliott,0.3,374,114,False,None,2,0.5,a,12,14,2019-07-28,143.0,187,111,33,0,0,0,0,0.0,6.0,Elliott,1
4,2002-05-16,1,568,True,True,0,None,14,0.4,441266,None,,0,0,0,0,473.9,74,60,0,None,,0,3,0.0,None,0,3.50,0.1,4.63,0.13,1.13,33.06,0.94,0.03,Ryan,0.0,515,200,35,1.0,0,False,114.7,114,70,390,False,550.6,105,43,3160,Suspended until 25 Aug,2025-07-21T10:00:04.921035Z,55,168,109,p441266,0,0,None,0,,441266.jpg,2.5,188,80,1,152,False,0,0.0,Gravenberch,0.1,535,196,False,None,37,1.05,s,12,14,2023-09-01,121.0,204,117,92,0,0,0,0,0.0,16.7,Gravenberch,5
0,2005-11-11,0,0,True,True,None,None,0,0,496208,None,,0,0,0,0,0.0,620,269,0,None,,0,3,2.5,None,0,0.00,0,0.00,0,0.00,0.00,0,0,Ben,0.0,429,142,0,0,0,False,0.0,621,269,391,False,0.0,621,269,0,,None,50,316,197,p496208,0,0,None,0,,496208.jpg,0.0,621,269,0,243,False,0,0,Doak,0.1,620,264,False,None,0,0,a,12,14,2022-11-08,0.0,613,266,0,0,0,0,0,0.0,0.0,Doak,0
0,1993-02-09,0,82,True,True,None,None,0,0.0,158983,None,,0,0,0,0,38.2,296,158,0,None,,0,3,2.5,None,0,0.09,0.03,0.09,0.03,0.00,4.25,1.48,0.0,Endo,0.0,339,90,5,1.74,0,False,10.0,332,161,392,False,57.6,326,152,259,,None,50,226,145,p158983,0,0,None,0,,158983.jpg,1.1,334,158,0,108,False,0,0.0,Wataru,0.1,531,193,False,None,1,0.35,a,12,14,2023-08-18,6.0,331,172,21,0,0,0,0,0.0,4.2,Endo,0
0,2004-10-22,0,0,True,True,None,None,0,0,535928,None,,0,0,0,0,0.0,544,221,0,None,,0,3,2.0,None,0,0.00,0,0.00,0,0.00,0.00,0,0,Stefan,0.0,263,44,0,0,0,False,0.0,548,221,393,False,0.0,548,221,0,,None,45,484,265,p535928,0,0,None,0,,535928.jpg,0.0,550,222,0,200,False,0,0,Bajčetić Maquieira,0.1,597,245,False,None,0,0,a,12,14,2022-07-11,0.0,527,214,0,0,0,0,0,0.0,0.0,Bajcetic,0
0,None,0,0,True,True,None,None,0,0,491501,None,,0,0,0,0,0.0,525,207,0,None,,0,3,2.0,None,0,0.00,0,0.00,0,0.00,0.00,0,0,James,0.0,236,28,0,0,0,False,0.0,529,207,394,False,0.0,529,207,0,,None,45,457,249,p491501,0,0,None,0,,491501.jpg,0.0,532,208,0,None,False,0,0,McConnell,0.0,649,291,False,None,0,0,a,12,14,None,0.0,506,199,0,0,0,0,0,0.0,0.0,McConnell,0
0,2002-10-31,0,0,True,True,None,None,0,0,440148,None,,0,0,0,0,0.0,503,192,0,None,,0,3,2.0,None,0,0.00,0,0.00,0,0.00,0.00,0,0,Tyler,0.0,201,11,0,0,0,False,0.0,507,192,395,False,0.0,507,192,0,,None,45,422,232,p440148,0,0,None,0,,440148.jpg,0.0,510,193,0,241,False,0,0,Morton,0.0,647,289,False,None,0,0,a,12,14,2021-07-22,0.0,483,184,0,0,0,0,0,0.0,0.0,Morton,0
0,2007-06-30,0,0,True,True,None,None,0,0,591386,None,,0,0,0,0,0.0,575,239,0,None,,0,3,2.0,None,0,0.00,0,0.00,0,0.00,0.00,0,0,Trey,0.0,303,69,0,0,0,False,0.0,579,239,396,False,0.0,579,239,0,,None,45,524,290,p591386,0,0,None,0,,591386.jpg,0.0,580,240,0,241,False,0,0,Nyoni,0.1,606,251,False,None,0,0,a,12,14,2023-11-11,0.0,560,234,0,0,0,0,0,0.0,0.0,Nyoni,0
3,1999-06-24,6,244,True,True,None,None,2,0.16,447203,None,,0,0,0,0,151.6,202,22,0,None,,0,4,3.2,None,0,0.51,0.04,6.27,0.51,5.76,16.85,1.36,0.47,Darwin,0.0,610,54,21,1.7,5,False,81.2,166,21,397,False,263.8,216,19,1113,,None,65,63,18,p447203,0,0,None,0,,447203.jpg,2.2,226,23,0,230,False,0,0.0,Núñez Ribeiro,2.4,117,22,False,None,8,0.65,a,12,14,2022-06-14,404.0,78,21,66,0,0,0,0,0.0,10.2,Darwin,8
0,None,0,2,True,True,None,None,0,0.0,500058,None,,0,0,0,0,0.3,372,36,0,None,,0,4,2.0,None,0,0.01,0.09,0.01,0.09,0.00,0.45,4.05,0.0,Jayden,0.0,246,6,1,9.0,0,False,0.0,537,39,398,False,0.0,537,39,10,,None,45,467,54,p500058,0,0,None,0,,500058.jpg,1.0,355,34,0,None,False,0,0.0,Danns,0.2,402,62,False,None,0,0.0,a,12,14,None,0.0,514,39,1,0,0,0,0,0.0,0.2,Danns,0
0,2002-06-20,0,0,True,True,None,None,0,0,510663,None,,0,0,0,0,0.0,663,69,0,None,,0,4,3.7,None,0,0.00,0,0.00,0,0.00,0.00,0,0,Hugo,0.0,656,66,0,0,0,False,0.0,663,69,661,False,0.0,663,69,0,,None,85,11,4,p510663,0,0,None,0,,510663.jpg,0.0,663,69,0,73,False,0,0,Ekitiké,3.7,86,16,False,None,0,0,a,12,14,2025-07-23,0.0,663,69,0,0,0,0,0,0.0,0.0,Ekitiké,0
4,1993-08-17,9,400,True,True,None,None,10,0.39,121160,None,,0,0,0,0,43.0,287,1,0,None,,0,1,4.5,None,0,0.16,0.01,0.16,0.01,0.00,29.50,1.14,0.0,Ederson,0.0,465,73,26,1.01,0,False,60.9,218,15,399,False,567.0,100,16,2320,,None,55,118,3,p121160,0,0,None,0,,121160.jpg,4.3,28,5,0,30,False,54,2.09,Santana de Moraes,3.8,84,16,False,None,26,1.01,a,13,43,2017-07-01,0.0,628,73,111,0,0,0,0,0.0,20.2,Ederson M.,4
0,1992-11-06,0,144,True,True,None,None,3,0.25,88248,None,,0,0,0,0,0.0,587,71,0,None,,0,1,3.6,None,0,0.00,0.0,0.00,0.0,0.00,19.12,1.57,0.0,Stefan,0.0,327,62,18,1.47,0,False,29.4,285,17,400,False,292.6,204,17,1099,,None,50,214,7,p88248,0,0,None,0,,88248.jpg,2.7,166,25,0,80,False,33,2.7,Ortega Moreno,0.6,233,34,False,None,12,0.98,a,13,43,2022-07-01,0.0,574,63,35,0,0,0,0,0.0,7.0,Ortega Moreno,1
0,1992-05-24,0,0,True,True,None,None,0,0,122074,None,,0,0,0,0,0.0,390,29,0,None,,0,1,1.5,None,0,0.00,0,0.00,0,0.00,0.00,0,0,Marcus,0.0,16,12,0,0,0,False,0.0,401,39,401,False,0.0,401,39,0,,None,40,556,43,p122074,0,0,None,0,,122074.jpg,0.0,405,40,0,241,False,0,0,Bettinelli,0.3,383,50,False,None,0,0,a,13,43,2025-06-10,0.0,356,14,0,0,0,0,0,0.0,0.0,Bettinelli,0
7,2001-06-06,13,447,True,True,None,None,7,0.2,448514,None,,0,0,0,0,694.3,34,3,0,None,,0,2,4.5,None,0,3.98,0.12,6.67,0.2,2.69,53.27,1.54,0.08,Rayan,0.0,576,218,67,1.94,4,False,191.0,41,3,402,False,778.4,32,13,3112,,None,60,98,6,p448514,0,0,None,0,,448514.jpg,3.4,105,22,1,3,False,0,0.0,Aït-Nouri,27.8,10,3,False,None,37,1.07,a,13,43,2025-06-09,435.0,70,3,125,0,0,0,0,0.0,20.8,Aït-Nouri,5
0,2002-01-23,15,623,True,True,None,None,13,0.36,477424,None,,0,0,0,0,501.7,69,12,0,None,,0,2,4.5,None,0,2.92,0.08,7.52,0.21,4.60,44.27,1.22,0.13,Joško,0.0,582,220,41,1.13,5,False,185.0,49,5,403,False,847.0,20,6,3278,,None,60,104,8,p477424,0,0,None,0,,477424.jpg,4.1,36,2,0,97,False,0,0.0,Gvardiol,17.4,24,9,False,None,36,0.99,a,13,43,2023-08-05,497.0,60,2,153,0,0,0,0,0.0,25.5,Gvardiol,2
0,1995-07-19,1,307,True,True,None,None,6,0.27,211975,None,,0,0,0,0,249.8,146,30,0,None,,0,2,3.8,None,0,1.30,0.06,2.87,0.13,1.57,29.72,1.33,0.07,Manuel,0.0,490,198,28,1.25,0,False,68.9,200,63,404,False,339.8,188,69,2012,,None,55,143,17,p211975,0,0,None,0,,211975.jpg,2.3,210,73,0,207,False,0,0.0,Akanji,0.5,268,95,False,None,23,1.03,a,13,43,2022-09-01,100.0,223,73,61,0,0,0,0,0.0,11.1,Akanji,3
0,1995-02-18,0,121,True,True,None,None,3,0.4,126184,None,,0,0,0,0,33.7,301,114,0,None,,0,2,3.8,None,0,0.17,0.02,0.39,0.05,0.22,13.44,1.79,0.03,Nathan,0.0,468,194,11,1.46,0,False,15.9,314,113,405,False,104.6,304,111,677,,None,55,121,13,p126184,0,0,None,0,,126184.jpg,2.5,185,64,0,152,False,0,0.0,Aké,0.4,297,109,False,None,8,1.06,a,13,43,2020-08-05,20.0,304,113,25,0,0,0,0,0.0,4.5,Aké,0
0,2004-02-29,0,78,True,True,None,None,2,0.36,578153,None,,0,0,0,0,33.9,300,113,0,None,,0,2,3.8,None,0,0.09,0.02,0.11,0.02,0.02,6.98,1.25,0.0,Abdukodir,0.0,551,212,6,1.07,0,False,14.1,318,115,406,False,102.0,307,112,503,,None,55,204,31,p578153,1,0,None,0,,578153.jpg,2.3,212,74,0,231,False,0,0.0,Khusanov,0.3,378,154,False,None,6,1.07,a,13,43,2025-01-20,4.0,337,128,14,0,0,0,0,0.0,2.5,Khusanov,1
7,1998-08-27,6,373,True,True,None,None,9,0.49,465351,None,,0,0,0,0,422.4,85,16,0,None,,0,2,3.8,None,0,3.32,0.18,4.43,0.24,1.11,24.87,1.34,0.06,Matheus,0.0,521,205,19,1.02,1,False,99.9,129,33,407,False,370.4,170,59,1670,,None,55,174,24,p465351,0,0,4,0,,465351.jpg,3.1,129,35,0,173,False,0,0.0,Nunes,0.6,249,86,False,None,19,1.02,a,13,43,2023-09-01,206.0,148,25,81,0,0,0,0,0.0,14.7,Matheus N.,4
0,1997-05-14,7,410,True,True,None,None,11,0.44,171314,None,,0,0,0,0,173.8,190,48,0,None,,0,2,3.8,None,0,1.20,0.05,2.74,0.11,1.54,29.48,1.17,0.06,Rúben,0.0,475,195,21,0.83,0,False,80.2,169,51,408,False,478.2,131,47,2269,,None,55,128,14,p171314,1,0,None,0,,171314.jpg,3.3,111,27,0,173,False,0,0.0,dos Santos Gato Alves Dias,2.0,128,42,False,None,25,0.99,a,13,43,2020-09-29,150.0,183,48,90,0,0,0,0,0.0,16.4,Rúben,4
0,1994-05-28,2,92,True,True,None,None,1,0.17,97299,None,,0,0,0,0,49.8,277,100,0,None,,0,2,3.8,None,0,0.17,0.03,0.77,0.13,0.60,5.95,0.98,0.1,John,0.0,461,192,11,1.82,2,False,27.4,287,102,409,False,155.6,277,102,544,,None,55,114,11,p97299,0,0,None,0,,97299.jpg,2.6,173,57,0,241,False,0,0.0,Stones,0.4,308,115,False,None,6,0.99,a,13,43,2016-08-09,70.0,245,83,29,0,0,0,0,0.0,5.3,Stones,1
2,2004-11-21,1,285,True,True,None,None,5,0.24,477064,None,,0,0,0,0,218.6,160,33,0,None,,0,2,3.1,None,0,1.01,0.05,2.33,0.11,1.32,27.60,1.32,0.06,Rico,0.0,417,185,27,1.29,1,False,65.0,208,65,410,False,293.8,202,73,1888,,None,50,304,55,p477064,0,0,None,0,,477064.jpg,2.4,193,68,1,241,False,0,0.0,Lewis,0.6,244,85,False,None,21,1.0,a,13,43,2022-07-16,139.0,188,51,66,0,0,0,0,0.0,13.2,Lewis,3
0,2005-03-21,4,118,True,True,None,None,3,0.51,472769,None,,0,0,0,0,76.2,254,88,0,None,,0,2,3.1,None,0,0.68,0.12,1.96,0.34,1.28,5.49,0.94,0.22,Nico,0.0,415,184,3,0.51,2,False,32.2,278,97,411,False,133.4,286,103,525,,None,50,302,54,p472769,0,0,None,0,,472769.jpg,3.4,98,20,0,241,False,0,0.0,O'Reilly,0.2,426,174,False,None,6,1.03,a,13,43,2022-12-16,112.0,215,66,31,0,0,0,0,0.0,6.2,O’Reilly,0
0,2006-01-12,0,4,True,True,None,None,0,0.0,616222,None,,0,0,0,0,0.0,629,219,0,None,,0,2,3.1,None,0,0.00,0.0,0.00,0.0,0.00,0.00,0.0,0.0,Vitor,0.0,453,190,0,0.0,0,False,0.3,386,140,412,False,3.2,380,139,1,,None,50,340,60,p616222,0,0,None,0,,616222.jpg,1.0,373,133,0,30,False,0,0.0,de Oliveira Nunes dos Reis,0.1,560,207,False,None,0,0.0,a,13,43,2025-01-21,0.0,622,219,1,0,0,0,0,0.0,0.2,Vitor Reis,0
1,1999-02-07,12,326,True,True,None,None,8,0.61,438234,2,,0,0,0,0,246.7,150,104,0,1,,0,3,3.2,None,0,1.71,0.13,7.12,0.54,5.41,14.48,1.11,0.41,Omar,0.0,654,294,12,0.92,7,False,97.3,131,79,413,False,318.0,198,93,1174,,None,85,9,6,p438234,0,0,2,0,,438234.jpg,4.6,17,10,0,63,False,0,0.0,Marmoush,16.0,26,8,False,None,14,1.07,a,13,43,2025-01-23,410.0,74,51,73,0,0,0,0,0.0,8.6,Marmoush,0
3,2000-05-28,10,454,True,True,None,None,6,0.3,209244,3,,0,0,0,0,749.0,25,24,0,3,,0,3,3.1,None,0,5.33,0.27,10.49,0.53,5.17,29.11,1.48,0.26,Phil,0.0,649,289,24,1.22,7,False,164.2,59,42,414,False,448.0,140,60,1771,,None,80,14,9,p209244,0,0,None,0,,209244.jpg,3.8,65,33,0,241,False,0,0.0,Foden,3.4,93,29,False,None,20,1.02,a,13,43,2016-12-05,449.0,67,46,105,0,0,0,0,0.0,13.1,Foden,2
11,2004-04-10,15,442,True,True,None,None,8,0.41,510281,None,,0,0,0,0,682.9,37,33,0,None,,0,3,2.8,None,0,6.10,0.31,11.12,0.57,5.02,21.39,1.09,0.26,Sávio,0.0,635,282,25,1.28,1,False,177.3,55,40,415,False,415.2,151,67,1760,,None,70,40,28,p510281,0,0,None,0,,510281.jpg,3.7,72,35,0,30,False,0,0.0,Moreira de Oliveira,2.1,126,41,False,None,21,1.07,a,13,43,2024-07-18,671.0,41,26,106,0,0,0,0,0.0,15.1,Savinho,3
4,1994-08-10,13,568,True,True,None,None,10,0.34,165809,1,,0,0,0,0,800.4,17,16,0,None,,0,3,2.7,None,0,4.56,0.15,8.40,0.28,3.84,39.68,1.34,0.13,Bernardo,0.0,595,250,36,1.21,4,False,193.6,39,31,416,False,603.0,89,37,2667,,None,65,48,34,p165809,0,0,None,0,,165809.jpg,3.3,114,55,0,173,False,0,0.0,Mota Veiga de Carvalho e Silva,0.5,262,88,False,None,29,0.98,a,13,43,2017-07-01,532.0,53,36,110,0,0,0,0,0.0,16.9,Bernardo,7
0,2003-08-17,0,0,True,True,None,None,0,0,466052,None,,0,0,0,0,0.0,660,297,0,None,,0,3,2.7,None,0,0.00,0,0.00,0,0.00,0.00,0,0,Rayan,0.0,616,266,0,0,0,False,0.0,660,297,417,False,0.0,660,297,0,,None,65,69,50,p466052,0,0,None,0,,466052.jpg,0.0,660,297,0,73,False,0,0,Cherki,11.1,38,12,False,None,0,0,a,13,43,2025-06-10,0.0,660,297,0,0,0,0,0,0.0,0.0,Cherki,0
6,2002-05-27,3,425,True,True,None,None,8,0.48,248875,None,,0,0,0,0,515.9,67,54,0,None,,0,3,2.7,None,0,3.81,0.23,5.13,0.31,1.32,15.18,0.91,0.08,Jérémy,0.0,606,258,14,0.84,3,False,150.0,71,50,418,False,453.8,139,59,1506,,None,65,59,42,p248875,0,0,3,0,,248875.jpg,3.0,136,63,0,21,False,0,0.0,Doku,1.3,164,57,False,None,16,0.96,a,13,43,2023-08-24,528.0,54,37,88,0,0,0,0,0.0,13.5,Doku,1
1,1995-09-10,4,187,True,True,None,None,2,0.25,114283,None,,0,0,0,0,321.4,112,80,0,None,,0,3,2.7,None,0,1.67,0.21,2.80,0.35,1.13,11.33,1.44,0.14,Jack,0.0,593,248,10,1.27,1,False,71.3,192,100,419,False,157.2,273,127,710,,None,65,46,32,p114283,0,0,None,0,,114283.jpg,1.9,265,121,0,241,False,0,0.0,Grealish,0.1,582,233,False,None,7,0.89,a,13,43,2021-08-05,234.0,128,85,38,0,0,0,0,0.0,5.8,Grealish,3
7,1990-10-24,5,460,True,True,None,None,10,0.41,59859,4,,0,0,0,0,781.3,22,21,0,4,,0,3,2.7,None,0,4.43,0.18,7.63,0.31,3.21,35.69,1.45,0.13,İlkay,0.0,590,246,28,1.14,1,False,144.2,78,55,420,False,387.0,164,76,2218,,None,65,43,30,p59859,0,0,None,0,,59859.jpg,2.9,147,67,0,80,False,0,0.0,Gündoğan,0.1,510,179,False,None,25,1.01,a,13,43,2024-08-23,273.0,109,74,97,0,0,0,0,0.0,14.9,Gündoğan,1
0,1996-06-22,0,21,True,True,None,None,0,0.0,220566,None,,0,0,0,0,17.5,328,168,0,None,,0,3,2.7,None,0,0.09,0.11,0.09,0.11,0.00,0.33,0.41,0.0,Rodrigo 'Rodri',0.0,601,254,1,1.25,0,False,3.0,361,171,421,False,12.2,361,168,72,,None,65,54,38,p220566,0,0,None,0,,220566.jpg,1.0,378,179,0,200,False,0,0.0,Hernandez Cascante,1.6,142,49,False,None,1,1.25,a,13,43,2019-07-04,0.0,658,295,3,0,0,0,0,0.0,0.5,Rodrigo,0
3,1994-05-06,13,542,True,True,0,None,10,0.41,91651,None,,0,0,0,0,579.3,53,45,0,None,,0,3,0.0,None,0,3.21,0.13,5.11,0.21,1.91,31.50,1.29,0.08,Mateo,0.0,554,225,29,1.19,6,False,139.1,84,58,422,False,606.4,86,35,2194,Achilles injury - Expected back 13 Sep,2025-07-21T10:00:04.940328Z,60,76,55,p91651,0,0,None,0,,91651.jpg,3.5,88,43,1,97,False,0,0.0,Kovačić,0.0,657,296,False,None,25,1.03,i,13,43,2023-06-27,204.0,149,98,109,0,0,0,0,0.0,18.2,Kovačić,5
1,2002-01-03,0,123,True,True,None,None,6,0.71,465694,None,,0,0,0,0,78.7,252,141,0,None,,0,3,2.6,None,0,0.48,0.06,0.93,0.11,0.45,8.99,1.06,0.05,Nico,0.0,580,242,7,0.83,1,False,27.5,286,142,423,False,137.2,285,135,760,,None,60,102,72,p465694,0,0,None,0,,465694.jpg,2.8,164,71,0,200,False,0,0.0,González Iglesias,0.1,604,249,False,None,9,1.07,a,13,43,2025-02-03,62.0,251,138,31,0,0,0,0,0.0,5.2,N.Gonzalez,3
0,2003-07-12,0,13,True,True,None,None,0,0.0,477555,None,,0,0,0,0,12.6,336,170,0,None,,0,3,2.5,None,0,0.02,0.13,0.02,0.13,0.00,0.47,3.02,0.0,Oscar,0.0,525,207,1,6.43,0,False,1.6,372,174,424,False,4.4,376,175,14,,None,55,178,116,p477555,0,0,None,0,,477555.jpg,1.0,375,176,0,161,False,0,0.0,Bobb,0.2,466,156,False,None,0,0.0,a,13,43,2022-01-06,0.0,644,287,3,0,0,0,0,0.0,0.5,Bobb,0
0,2006-01-02,0,2,True,True,None,None,0,0.0,575204,None,,0,0,0,0,0.4,369,180,0,2,,0,3,2.5,None,0,0.01,0.18,0.01,0.18,0.00,0.45,8.1,0.0,Claudio,0.0,549,223,0,0.0,0,False,0.3,387,183,425,False,2.2,385,181,5,,None,55,202,132,p575204,0,0,None,0,,575204.jpg,1.0,376,177,0,10,False,0,0.0,Echeverri,0.1,612,256,False,None,0,0.0,a,13,43,2024-01-25,0.0,652,293,1,0,0,0,0,0.0,0.2,Echeverri,0
0,2002-10-18,0,102,True,True,None,None,0,0.0,432714,None,,0,0,0,0,64.6,265,148,0,None,,0,3,2.5,None,0,0.80,0.21,3.60,0.95,2.80,5.25,1.39,0.74,James,0.0,508,196,6,1.59,3,False,30.7,283,141,426,False,113.0,296,143,340,,None,55,161,105,p432714,0,0,None,0,,432714.jpg,2.1,235,105,0,241,False,0,0.0,McAtee,0.1,516,183,False,None,3,0.79,a,13,43,2021-07-26,136.0,191,114,31,0,0,0,0,0.0,5.6,McAtee,1
0,1998-07-29,0,0,True,True,None,None,0,0,433036,None,,0,0,0,0,0.0,642,286,0,None,,0,3,2.5,None,0,0.00,0,0.00,0,0.00,0.00,0,0,Tijjani,0.0,509,197,0,0,0,False,0.0,642,286,427,False,0.0,642,286,0,,None,55,162,106,p433036,0,0,None,0,,433036.jpg,0.0,642,286,0,152,False,0,0,Reijnders,5.0,73,22,False,None,0,0,a,13,43,2025-06-10,0.0,639,283,0,0,0,0,0,0.0,0.0,Reijnders,0
0,2006-12-19,0,0,True,True,None,None,0,0,566164,None,,0,0,0,0,0.0,625,273,0,None,,0,3,2.0,None,0,0.00,0,0.00,0,0.00,0.00,0,0,Sverre,0.0,447,158,0,0,0,False,0.0,626,273,428,False,0.0,626,273,0,,None,50,334,213,p566164,0,0,None,0,,566164.jpg,0.0,626,273,0,161,False,0,0,Nypan,0.1,574,225,False,None,0,0,a,13,43,2025-07-17,0.0,618,270,0,0,0,0,0,0.0,0.0,Nypan,0
0,1995-12-02,0,167,True,True,None,None,1,0.07,155405,None,,0,0,0,0,116.2,222,134,0,None,,0,3,2.0,None,0,0.46,0.03,0.91,0.06,0.45,27.21,1.99,0.03,Kalvin,0.0,336,87,30,2.19,0,False,33.8,274,137,429,False,181.8,265,123,1231,,None,50,223,142,p155405,0,0,None,0,,155405.jpg,1.4,315,146,1,241,False,0,0.0,Phillips,0.1,562,216,False,None,14,1.02,a,13,43,2022-07-04,41.0,271,145,27,0,0,0,0,0.0,5.4,Phillips,4
3,2000-07-21,26,795,True,True,None,None,10,0.33,223094,None,,0,0,0,0,359.4,99,8,0,5,,0,4,4.5,None,0,2.04,0.07,23.94,0.79,21.90,41.27,1.36,0.72,Erling,0.0,662,69,38,1.25,22,False,281.8,6,2,430,False,946.0,9,2,2736,,None,140,2,1,p223094,0,1,1,0,,223094.jpg,5.8,5,2,0,161,False,0,0.0,Haaland,18.3,19,4,False,None,31,1.02,a,13,43,2022-07-01,1511.0,2,1,181,0,0,0,0,0.0,12.9,Haaland,2
9,1999-08-07,29,948,True,True,None,None,9,0.24,446008,None,,0,0,0,0,1107.5,5,5,0,None,,0,3,2.1,None,0,9.24,0.24,21.75,0.57,12.52,55.40,1.46,0.33,Bryan,0.0,652,292,55,1.45,20,False,340.8,2,2,119,False,1236.8,2,2,3415,,None,80,17,12,p446008,0,1,None,0,,446008.jpg,6.2,2,2,0,38,False,0,0.0,Mbeumo,19.4,16,6,False,None,38,1.0,a,14,1,2025-07-21,1060.0,8,3,236,0,0,0,0,0.0,29.5,Mbeumo,3
0,1998-04-14,0,22,True,True,None,None,1,0.25,451302,None,,0,0,0,0,0.0,608,74,0,None,,0,1,2.6,None,0,0.00,0.0,0.00,0.0,0.00,6.93,1.73,0.0,Altay,0.0,406,70,10,2.5,0,False,7.9,342,24,431,False,80.0,314,24,360,,None,50,293,15,p451302,0,0,None,0,,451302.jpg,2.0,248,26,0,219,False,8,2.0,Bayındır,0.6,248,35,False,None,4,1.0,a,14,1,2023-09-01,0.0,601,70,8,0,0,0,0,0.0,1.6,Bayindir,0
0,1996-04-02,8,443,True,True,50,None,9,0.26,202641,None,,0,0,0,0,13.0,332,9,0,None,,0,1,1.3,None,0,0.20,0.01,0.20,0.01,0.00,47.79,1.41,0.0,André,0.0,358,67,44,1.29,0,False,74.7,185,10,432,False,733.0,43,10,3060,Hamstring injury - 50% chance of playing,2025-07-21T10:00:04.960176Z,50,245,12,p202641,0,0,None,1,,202641.jpg,3.5,85,15,0,38,False,90,2.65,Onana,0.1,559,74,False,None,34,1.0,d,14,1,2023-07-20,0.0,584,67,120,0,0,0,0,0.0,24.0,Onana,0
0,None,0,0,False,True,0,None,0,0,588555,None,,0,0,0,0,0.0,468,58,0,None,,0,1,0.0,None,0,0.00,0,0.00,0,0.00,0.00,0,0,Elyh,0.0,111,43,0,0,0,False,0.0,477,67,433,False,0.0,477,67,0,On loan to Shrewsbury Town,2025-07-23T18:48:43.383466Z,40,651,74,p588555,0,0,None,0,,588555.jpg,0.0,480,67,0,None,False,0,0,Harrison,0.1,541,73,False,None,0,0,u,14,1,None,0.0,444,45,0,0,0,0,0,0.0,0.0,Harrison,0
0,1986-04-15,0,0,True,True,None,None,0,0,21205,None,,0,0,0,0,0.0,378,18,0,None,,0,1,0.5,None,0,0.00,0,0.00,0,0.00,0.00,0,0,Tom,0.0,1,1,0,0,0,False,0.0,391,30,434,False,0.0,391,30,0,,None,40,541,32,p21205,0,0,None,0,,21205.jpg,0.0,395,31,0,241,False,0,0,Heaton,0.4,310,43,False,None,0,0,a,14,1,2021-07-02,0.0,344,3,0,0,0,0,0,0.0,0.0,Heaton,0
0,2002-11-20,0,0,True,True,None,None,0,0,461537,None,,0,0,0,0,0.0,421,41,0,None,,0,1,0.5,None,0,0.00,0,0.00,0,0.00,0.00,0,0,Dermot,0.0,52,24,0,0,0,False,0.0,431,50,435,False,0.0,431,50,0,,None,40,592,55,p461537,0,0,None,0,,461537.jpg,0.0,434,50,0,242,False,0,0,Mee,0.1,474,62,False,None,0,0,a,14,1,2023-07-24,0.0,390,26,0,0,0,0,0,0.0,0.0,Mee,0
0,1999-08-12,3,312,True,True,None,None,4,0.17,209365,None,,0,0,0,0,88.7,245,83,0,None,,0,2,2.1,None,0,0.25,0.01,2.73,0.12,2.48,38.53,1.64,0.11,Matthijs,0.0,364,169,36,1.53,2,False,91.5,143,40,436,False,518.4,117,40,2119,,None,50,251,39,p209365,0,0,None,0,,209365.jpg,2.3,208,72,0,152,False,0,0.0,de Ligt,0.8,205,70,False,None,25,1.06,a,14,1,2024-08-13,303.0,100,9,68,0,0,0,0,0.0,13.6,De Ligt,3
1,1998-01-18,5,293,True,True,None,None,6,0.31,221820,None,,0,0,0,0,153.9,201,54,0,None,,0,2,2.1,None,0,1.21,0.06,2.54,0.13,1.33,30.17,1.55,0.07,Lisandro,0.0,377,175,27,1.39,2,False,73.8,188,57,437,False,426.6,147,50,1751,,None,50,264,45,p221820,0,0,None,0,,221820.jpg,3.4,97,19,0,10,False,0,0.0,Martínez,0.5,253,89,False,None,20,1.03,a,14,1,2022-07-17,158.0,179,46,68,0,0,0,0,0.0,13.6,Martinez,7
1,1997-11-14,5,410,True,True,None,None,7,0.22,230001,None,,0,0,0,0,332.7,106,21,0,None,,0,2,2.1,None,0,1.87,0.06,2.56,0.08,0.69,46.26,1.47,0.02,Noussair,0.0,382,177,43,1.36,0,False,107.5,123,32,438,False,619.4,80,28,2836,,None,50,269,47,p230001,0,0,None,0,,230001.jpg,2.4,192,67,0,145,False,0,0.0,Mazraoui,1.1,178,59,False,None,34,1.08,a,14,1,2024-08-13,123.0,203,61,88,0,0,0,0,0.0,17.6,Mazraoui,3
0,2007-04-03,0,0,True,True,None,None,0,0,661712,None,,0,0,0,0,0.0,585,217,0,None,,0,2,1.4,None,0,0.00,0,0.00,0,0.00,0.00,0,0,Diego,0.0,319,161,0,0,0,False,0.0,589,218,439,False,0.0,589,218,0,,None,45,540,141,p661712,0,0,None,0,,661712.jpg,0.0,590,218,0,168,False,0,0,León Blanco,0.2,438,179,False,None,0,0,a,14,1,2025-07-05,0.0,570,217,0,0,0,0,0,0.0,0.0,D.Leon,0
4,1999-03-18,9,352,True,True,None,None,8,0.26,216051,None,,0,0,0,0,434.2,81,14,0,None,,0,2,1.4,None,0,2.35,0.08,4.31,0.14,1.96,46.95,1.5,0.06,Diogo,0.0,171,115,45,1.44,0,False,118.6,107,23,440,False,493.2,128,46,2812,,None,45,392,95,p216051,0,0,None,0,,216051.jpg,2.9,138,38,0,173,False,0,0.0,Dalot Teixeira,2.8,106,34,False,None,31,0.99,a,14,1,2018-06-08,264.0,113,14,95,0,0,0,0,0.0,21.1,Dalot,5
0,2004-10-26,1,108,True,True,None,None,2,0.21,596777,None,,0,0,0,0,175.3,189,47,0,None,,0,2,1.4,None,0,1.27,0.14,1.70,0.19,0.43,10.26,1.1,0.05,Patrick,0.0,307,158,12,1.29,0,False,39.4,260,87,441,False,106.4,302,109,840,,None,45,528,138,p596777,0,0,None,0,,596777.jpg,1.5,303,108,1,58,False,0,0.0,Dorgu,1.6,146,48,False,None,10,1.07,a,14,1,2025-02-02,112.0,214,65,18,0,0,0,0,0.0,4.0,Dorgu,3
0,1993-03-05,3,217,True,True,None,None,3,0.15,95658,None,,0,0,0,0,111.5,227,69,0,None,,0,2,1.4,None,0,0.25,0.01,2.07,0.1,1.82,26.83,1.38,0.09,Harry,0.0,134,86,27,1.39,1,False,76.1,179,52,442,False,411.4,153,53,1751,,None,45,355,66,p95658,0,0,None,0,,95658.jpg,1.8,267,94,0,241,False,0,0.0,Maguire,0.6,235,81,False,None,19,0.98,a,14,1,2019-08-05,237.0,125,19,48,0,0,0,0,0.0,10.7,Maguire,7
0,1995-07-12,0,38,True,True,None,None,0,0.0,106760,3,,0,0,0,0,68.2,263,92,0,None,,0,2,1.4,None,0,0.77,0.2,0.80,0.21,0.03,3.81,0.99,0.01,Luke,0.0,139,90,5,1.3,0,False,12.7,320,117,443,False,48.2,332,123,346,,None,45,360,70,p106760,1,0,None,0,,106760.jpg,0.7,390,140,0,241,False,0,0.0,Shaw,0.2,436,178,False,None,4,1.04,a,14,1,2014-07-01,11.0,320,121,5,0,0,0,0,0.0,1.1,Shaw,1
0,2005-11-13,0,90,True,True,None,None,1,0.08,550864,None,,0,0,0,0,55.8,272,96,0,None,,0,2,1.4,None,0,0.15,0.01,0.85,0.06,0.70,19.35,1.5,0.05,Leny,0.0,276,155,24,1.86,0,False,31.8,280,99,444,False,207.4,246,89,1160,,None,45,497,135,p550864,0,0,None,0,,550864.jpg,1.0,358,132,0,73,False,0,0.0,Yoro,1.0,185,63,False,None,12,0.93,a,14,1,2024-07-19,54.0,260,93,22,0,0,0,0,0.0,4.9,Yoro,5
0,2007-03-16,0,1,True,True,None,None,0,0.0,577974,None,,0,0,0,0,26.5,313,119,0,None,,0,2,0.5,None,0,0.07,0.02,0.14,0.04,0.07,6.30,1.64,0.02,Harry,0.0,107,66,9,2.35,0,False,8.2,337,123,445,False,40.0,339,127,345,,None,40,647,207,p577974,0,0,None,0,,577974.jpg,0.8,384,136,0,241,False,0,0.0,Amass,0.3,340,131,False,None,4,1.04,a,14,1,2024-04-06,15.0,311,116,4,0,0,0,0,0.0,1.0,Amass,0
0,2005-02-23,0,16,True,True,None,None,0,0.0,547676,None,,0,0,0,0,4.9,351,128,0,None,,0,2,0.5,None,0,0.02,0.01,0.02,0.01,0.00,2.94,1.59,0.0,Tyler,0.0,93,55,5,2.71,0,False,4.4,356,129,446,False,37.4,341,128,166,,None,40,633,196,p547676,0,0,None,0,,547676.jpg,1.0,346,126,0,241,False,0,0.0,Fredricson,0.2,422,172,False,None,2,1.08,a,14,1,2022-09-07,2.0,339,129,2,0,0,0,0,0.0,0.5,Fredricson,0
0,2006-09-22,2,47,True,True,None,None,1,0.53,606745,None,,0,0,0,0,12.9,334,124,0,None,,0,2,0.5,None,0,0.01,0.01,0.13,0.07,0.12,1.69,0.9,0.06,Ayden,0.0,116,73,1,0.53,0,False,6.4,349,128,447,False,43.4,334,125,169,,None,40,656,214,p606745,0,0,None,0,,606745.jpg,2.5,178,58,0,241,False,0,0.0,Heaven,2.5,111,36,False,None,2,1.07,a,14,1,2025-02-01,8.0,324,123,10,0,0,0,0,0.0,2.5,Heaven,1
0,1999-08-17,0,2,True,True,None,None,0,0.0,222690,None,,0,0,0,0,13.9,331,123,0,None,,0,2,0.5,None,0,0.02,0.02,0.02,0.02,0.00,0.78,0.71,0.0,Tyrell,0.0,30,13,1,0.91,0,False,1.7,369,132,448,False,5.2,370,136,99,,None,40,570,154,p222690,0,0,None,0,,222690.jpg,0.7,388,138,0,152,False,0,0.0,Malacia,0.4,278,98,False,None,2,1.82,a,14,1,2022-07-05,0.0,369,139,2,0,0,0,0,0.0,0.5,Malacia,1
12,1994-09-08,28,810,True,True,None,None,10,0.3,141746,1,,0,0,0,0,1407.7,1,1,0,1,,0,3,2.3,None,0,7.89,0.24,17.82,0.54,9.93,45.85,1.37,0.3,Bruno,0.0,657,296,47,1.4,8,False,300.8,4,4,449,False,1017.8,7,4,3017,,None,90,6,4,p141746,0,0,1,0,,141746.jpg,4.8,14,8,2,173,False,0,0.0,Borges Fernandes,8.4,51,14,False,None,35,1.04,a,14,1,2020-01-30,587.0,50,33,174,0,0,0,0,0.0,19.3,B.Fernandes,3
7,1999-05-27,41,838,True,True,None,None,7,0.24,430871,None,,0,0,0,0,847.8,14,13,0,None,,0,3,2.1,None,0,5.29,0.18,14.02,0.48,8.73,44.53,1.54,0.3,Matheus,0.0,651,291,54,1.87,15,False,272.2,7,5,450,False,936.2,11,5,2596,,None,80,16,11,p430871,0,0,None,0,,430871.jpg,5.4,8,4,0,30,False,0,0.0,Santos Carneiro da Cunha,13.4,31,9,False,None,29,1.01,a,14,1,2025-06-01,940.0,15,7,178,0,0,0,0,0.0,22.2,Cunha,4
4,1997-10-31,9,333,False,True,0,None,7,0.45,176297,None,,0,0,0,0,451.1,79,63,0,None,,0,3,0.0,None,0,3.43,0.22,8.10,0.52,4.67,21.68,1.38,0.3,Marcus,0.0,625,273,15,0.95,6,False,122.1,101,67,451,False,398.4,157,72,1414,Has joined Barcelona on loan for the rest of the season,2025-07-24T10:12:59.455702Z,70,30,19,p176297,0,0,None,0,,176297.jpg,3.8,62,30,0,241,False,0,0.0,Rashford,1.2,170,59,False,None,16,1.02,u,14,1,2015-07-01,369.0,83,58,95,0,0,0,0,0.0,13.6,Rashford,2
8,2002-07-11,17,569,True,True,None,None,7,0.33,493250,2,,0,0,0,0,687.2,36,32,0,None,,0,3,1.7,None,0,3.98,0.19,8.69,0.41,4.71,31.71,1.5,0.22,Amad,0.0,618,268,30,1.42,8,False,193.8,38,30,452,False,634.0,68,26,1898,,None,65,71,52,p493250,0,0,None,0,,493250.jpg,5.0,12,7,0,54,False,0,0.0,Diallo,3.6,89,26,False,None,20,0.95,a,14,1,2021-01-07,615.0,48,31,129,0,0,0,0,0.0,19.8,Amad,5
4,2004-07-01,7,370,True,True,None,None,5,0.21,493105,None,,0,0,0,0,532.2,61,50,0,None,,0,3,1.7,None,0,2.76,0.11,10.16,0.41,7.40,35.43,1.46,0.3,Alejandro,0.0,617,267,36,1.48,6,False,188.3,42,32,453,False,454.0,138,58,2188,,None,65,70,51,p493105,0,0,None,0,,493105.jpg,2.9,148,68,0,10,False,0,0.0,Garnacho Ferreyra,0.1,479,163,False,None,23,0.95,a,14,1,2022-04-15,904.0,17,9,106,0,0,0,0,0.0,16.3,Garnacho,3
0,2000-02-24,0,37,True,True,None,None,0,0.0,467169,None,,0,0,0,0,50.7,276,150,0,None,,0,3,1.6,None,0,0.21,0.14,0.81,0.54,0.60,2.05,1.37,0.4,Antony,0.0,581,243,2,1.33,0,False,15.8,315,152,454,False,35.0,342,158,135,,None,60,103,73,p467169,0,0,None,0,,467169.jpg,1.0,377,178,0,30,False,0,0.0,dos Santos,0.1,497,172,False,None,0,0.0,a,14,1,2022-09-01,74.0,243,134,8,0,0,0,0,0.0,1.3,Antony,0
0,1999-01-10,0,74,True,True,None,None,3,0.44,184341,None,,0,0,0,0,140.0,210,129,0,None,,0,3,1.6,None,0,0.57,0.08,3.94,0.57,3.37,8.24,1.21,0.49,Mason,0.0,563,230,11,1.62,1,False,45.6,247,128,455,False,104.0,306,146,613,,None,60,85,60,p184341,0,0,None,0,,184341.jpg,1.5,307,145,0,241,False,0,0.0,Mount,0.1,498,173,False,None,8,1.17,a,14,1,2023-07-05,218.0,138,91,25,0,0,0,0,0.0,4.2,Mount,3
5,2000-03-25,3,367,True,True,None,None,7,0.36,209243,None,,0,0,0,0,523.2,65,52,0,None,,0,3,1.6,None,0,3.10,0.16,5.23,0.27,2.13,23.66,1.21,0.11,Jadon,0.0,567,234,24,1.23,3,False,127.5,93,63,456,False,340.0,187,85,1754,,None,60,89,64,p209243,0,0,None,0,,209243.jpg,2.8,163,70,0,241,False,0,0.0,Sancho,0.1,527,191,False,None,19,0.97,a,14,1,2021-07-23,414.0,73,50,86,0,0,0,0,0.0,14.3,Sancho,2
0,1992-02-23,3,300,True,True,None,None,6,0.36,61256,None,,0,0,0,0,348.2,101,73,0,None,,0,3,1.5,None,0,1.99,0.12,3.79,0.23,1.80,24.00,1.45,0.11,Carlos Henrique,0.0,459,167,20,1.21,1,False,104.8,126,76,457,False,433.2,144,64,1489,,None,55,112,76,p61256,0,0,None,0,,61256.jpg,2.0,250,113,0,30,False,0,0.0,Casimiro,0.2,472,161,False,None,18,1.09,a,14,1,2022-08-22,265.0,112,77,48,0,0,0,0,0.0,8.7,Casemiro,5
0,2005-04-19,0,229,True,True,None,None,5,0.27,516895,None,,0,0,0,0,250.8,145,100,0,None,,0,3,1.0,None,0,1.78,0.1,2.62,0.15,0.84,25.23,1.38,0.05,Kobbie,0.0,438,150,27,1.48,0,False,58.8,221,118,458,False,196.6,254,119,1646,,None,50,325,205,p516895,0,0,None,0,,516895.jpg,1.7,285,131,0,241,False,0,0.0,Mainoo,0.9,196,65,False,None,19,1.04,a,14,1,2022-10-15,137.0,190,113,42,0,0,0,0,0.0,8.4,Mainoo,5
2,2001-04-11,1,318,True,True,None,None,4,0.2,232112,None,,0,0,0,0,195.9,177,120,0,None,,0,3,1.0,None,0,0.67,0.03,1.67,0.08,1.00,29.54,1.5,0.05,Manuel,0.0,383,114,33,1.67,1,False,62.1,217,115,459,False,313.6,200,95,1777,,None,50,270,169,p232112,1,0,None,0,,232112.jpg,1.7,284,130,0,230,False,0,0.0,Ugarte Ribeiro,0.2,415,132,False,None,22,1.11,a,14,1,2024-08-30,113.0,212,122,49,0,0,0,0,0.0,9.8,Ugarte,11
0,2004-01-03,0,40,True,True,None,None,0,0.0,490881,None,,0,0,0,0,29.9,309,161,0,None,,0,3,0.5,None,0,0.37,0.19,0.45,0.23,0.08,3.09,1.6,0.04,Toby,0.0,232,25,2,1.03,0,False,7.9,341,164,460,False,40.4,338,156,174,,None,45,453,246,p490881,0,0,None,0,,490881.jpg,1.0,353,160,0,241,False,0,0.0,Collyer,0.3,379,117,False,None,0,0.0,a,14,1,2023-07-01,8.0,325,168,6,0,0,0,0,0.0,1.3,Collyer,0
0,None,0,0,True,True,None,None,0,0,556639,None,,0,0,0,0,0.0,557,230,0,None,,0,3,0.5,None,0,0.00,0,0.00,0,0.00,0.00,0,0,Jayce,0.0,280,55,0,0,0,False,0.0,561,230,461,False,0.0,561,230,0,,None,45,501,276,p556639,0,0,None,0,,556639.jpg,0.0,562,231,0,None,False,0,0,Fitzgerald,0.0,644,286,False,None,0,0,a,14,1,None,0.0,540,223,0,0,0,0,0,0.0,0.0,Fitzgerald,0
0,2007-03-19,0,0,True,True,None,None,0,0,547037,None,,0,0,0,0,0.0,548,224,0,None,,0,3,0.5,None,0,0.00,0,0.00,0,0.00,0.00,0,0,Jack,0.0,269,48,0,0,0,False,0.0,552,224,462,False,0.0,552,224,0,,None,45,490,269,p547037,0,0,None,0,,547037.jpg,0.0,554,225,0,241,False,0,0,Fletcher,0.0,641,283,False,None,0,0,a,14,1,2024-07-12,0.0,531,217,0,0,0,0,0,0.0,0.0,J.Fletcher,0
0,2006-02-03,0,0,True,True,None,None,0,0,618873,None,,0,0,0,0,0.0,583,244,0,None,,0,3,0.5,None,0,0.00,0,0.00,0,0.00,0.00,0,0,Sékou,0.0,316,76,0,0,0,False,0.0,587,244,463,False,0.0,587,244,0,,None,45,537,297,p618873,0,0,None,0,,618873.jpg,0.0,588,245,0,132,False,0,0,Koné,0.1,554,210,False,None,0,0,a,14,1,2025-02-15,0.0,568,239,0,0,0,0,0,0.0,0.0,Kone,0
0,None,0,0,True,True,None,None,0,0,559684,None,,0,0,0,0,0.0,558,231,0,None,,0,3,0.5,None,0,0.00,0,0.00,0,0.00,0.00,0,0,Jack,0.0,281,56,0,0,0,False,0.0,562,231,464,False,0.0,562,231,0,,None,45,502,277,p559684,0,0,None,0,,559684.jpg,0.0,563,232,0,None,False,0,0,Moorhouse,0.0,645,287,False,None,0,0,a,14,1,None,0.0,541,224,0,0,0,0,0,0.0,0.0,Moorhouse,0
1,2003-02-04,8,246,True,True,None,None,6,0.27,497894,None,,0,0,0,0,254.7,144,16,0,None,,0,4,1.7,None,0,1.14,0.05,6.24,0.28,5.10,30.44,1.37,0.23,Rasmus,0.0,619,56,31,1.4,4,False,86.3,154,19,465,False,187.0,261,23,1998,,None,65,72,20,p497894,0,0,None,0,,497894.jpg,2.4,202,20,0,58,False,0,0.0,Højlund,0.8,202,40,False,None,23,1.04,a,14,1,2023-08-05,432.0,71,20,78,0,0,0,0,0.0,12.0,Højlund,2
2,2001-05-22,6,216,True,True,None,None,3,0.19,458249,None,,0,0,0,0,212.0,165,17,0,None,,0,4,1.5,None,0,1.04,0.07,5.68,0.37,4.64,24.84,1.61,0.3,Joshua,0.0,577,45,24,1.56,3,False,78.0,173,22,466,False,222.6,231,20,1385,,None,60,99,23,p458249,0,0,None,0,,458249.jpg,2.0,252,25,0,152,False,0,0.0,Zirkzee,1.3,161,30,False,None,14,0.91,a,14,1,2024-07-17,351.0,88,22,64,0,0,0,0,0.0,10.7,Zirkzee,2
0,2007-11-29,0,21,True,True,None,None,0,0.0,596047,None,,0,0,0,0,5.1,350,34,0,None,,0,4,0.5,None,0,0.03,0.02,0.69,0.39,0.66,3.70,2.08,0.37,Chido,0.0,305,19,5,2.81,0,False,5.4,353,32,467,False,8.2,365,32,160,,None,45,526,67,p596047,0,0,None,0,,596047.jpg,1.0,364,36,0,58,False,0,0.0,Obi,6.6,58,11,False,None,1,0.56,a,14,1,2025-02-15,46.0,269,30,7,0,0,0,0,0.0,1.6,Obi,1
0,2006-01-20,0,0,True,True,None,None,0,0,575034,None,,0,0,0,0,0.0,566,47,0,None,,0,4,0.5,None,0,0.00,0,0.00,0,0.00,0.00,0,0,Ethan,0.0,291,14,0,0,0,False,0.0,570,47,468,False,0.0,570,47,0,,None,45,512,62,p575034,0,0,None,0,,575034.jpg,0.0,571,47,0,241,False,0,0,Wheatley,0.3,386,60,False,None,0,0,a,14,1,2024-04-12,0.0,550,47,0,0,0,0,0,0.0,0.0,Wheatley,0
0,1992-04-19,2,384,True,True,None,None,8,0.29,98747,None,,0,0,0,0,10.0,348,16,0,None,,0,1,3.6,None,0,0.00,0.0,0.00,0.0,0.00,34.94,1.25,0.0,Nick,0.0,329,63,35,1.25,0,False,67.4,203,11,469,False,666.0,63,11,2520,,None,50,216,8,p98747,0,0,None,1,,98747.jpg,3.6,73,12,0,241,False,88,3.14,Pope,3.9,82,14,False,None,28,1.0,a,15,4,2022-06-23,0.0,575,64,102,0,0,0,0,0.0,20.4,Pope,2
0,1989-01-15,2,160,True,True,None,None,5,0.5,67089,None,,0,0,0,0,0.0,381,21,0,None,,0,1,1.5,None,0,0.00,0.0,0.00,0.0,0.00,11.19,1.12,0.0,Martin,0.0,5,4,12,1.2,0,False,22.0,301,19,470,False,220.2,234,19,900,,None,40,545,35,p67089,0,0,None,0,,67089.jpg,4.4,24,4,0,194,False,29,2.9,Dúbravka,11.1,39,6,False,None,10,1.0,a,15,4,2018-07-01,0.0,347,6,44,0,0,0,0,0.0,11.0,Dúbravka,0
0,1992-03-27,0,0,True,True,None,None,0,0,81441,None,,0,0,0,0,0.0,384,24,0,None,,0,1,1.5,None,0,0.00,0,0.00,0,0.00,0.00,0,0,Mark,0.0,8,7,0,0,0,False,0.0,395,34,471,False,0.0,395,34,0,,None,40,548,38,p81441,0,0,None,0,,81441.jpg,0.0,399,35,0,241,False,0,0,Gillespie,0.1,493,69,False,None,0,0,a,15,4,2020-07-27,0.0,350,9,0,0,0,0,0,0.0,0.0,Gillespie,0
0,1994-04-26,0,0,True,True,None,None,0,0,111452,None,,0,0,0,0,0.0,387,27,0,None,,0,1,1.5,None,0,0.00,0,0.00,0,0.00,0.00,0,0,Odysseas,0.0,13,10,0,0,0,False,0.0,398,37,472,False,0.0,398,37,0,,None,40,553,41,p111452,0,0,None,0,,111452.jpg,0.0,402,38,0,83,False,0,0,Vlachodimos,0.2,464,61,False,None,0,0,a,15,4,2024-07-01,0.0,353,12,0,0,0,0,0,0.0,0.0,Odysseas,0
7,2004-09-08,11,443,True,True,None,None,8,0.33,487838,2,,0,0,0,0,561.2,58,8,0,None,,0,2,3.8,None,0,3.73,0.15,4.16,0.17,0.43,29.73,1.22,0.02,Lewis,0.0,531,208,31,1.28,0,False,125.3,96,17,473,False,561.6,102,36,2188,,None,55,184,27,p487838,0,0,None,0,,487838.jpg,3.8,60,7,0,241,False,0,0.0,Hall,3.4,94,30,False,None,24,0.99,a,15,4,2024-07-01,128.0,199,57,102,0,0,0,0,0.0,18.5,Hall,3
2,1991-12-20,4,440,True,True,None,None,11,0.34,119471,None,,0,0,0,0,111.5,228,70,0,2,,0,2,3.8,None,0,1.01,0.03,4.95,0.15,3.94,37.26,1.14,0.12,Fabian,0.0,464,193,42,1.29,4,False,119.6,104,21,474,False,743.2,39,14,2935,,None,55,117,12,p119471,0,0,4,0,,119471.jpg,3.5,87,14,1,207,False,0,0.0,Schär,1.9,132,45,False,None,33,1.01,a,15,4,2018-07-26,346.0,89,7,118,0,0,0,0,0.0,21.5,Schär,9
0,2000-01-12,0,95,True,True,None,None,2,0.44,220237,None,,0,0,0,0,28.4,310,117,0,None,,0,2,3.1,None,0,0.22,0.05,0.81,0.18,0.59,5.07,1.11,0.13,Sven,0.0,375,173,4,0.87,0,False,23.6,297,108,475,False,110.4,299,106,412,,None,50,262,43,p220237,0,0,None,0,,220237.jpg,2.2,221,78,0,152,False,0,0.0,Botman,0.5,258,91,False,None,6,1.31,a,15,4,2022-06-28,96.0,225,74,18,0,0,0,0,0.0,3.6,Botman,1
1,1992-05-09,9,476,True,True,None,None,13,0.35,78916,None,,0,0,0,0,123.6,218,64,0,None,,0,2,3.1,None,0,1.09,0.03,3.06,0.08,1.97,45.22,1.22,0.05,Dan,0.0,324,163,45,1.22,1,False,115.8,111,26,476,False,736.6,41,16,3330,,None,50,211,33,p78916,2,0,None,0,,78916.jpg,3.1,123,32,0,241,False,0,0.0,Burn,3.0,102,33,False,None,37,1.0,a,15,4,2022-01-31,297.0,105,11,115,0,0,0,0,0.0,23.0,Burn,11
1,2002-11-12,6,476,True,True,None,None,10,0.32,441191,None,,0,0,0,0,406.2,90,18,0,None,,0,2,3.1,None,0,2.70,0.09,3.03,0.1,0.33,37.83,1.2,0.01,Tino,0.0,402,182,40,1.27,0,False,110.1,118,29,477,False,567.4,99,35,2835,,None,50,289,52,p441191,0,0,None,0,,441191.jpg,2.8,158,50,0,241,False,0,0.0,Livramento,5.2,69,24,False,None,32,1.02,a,15,4,2023-08-08,127.0,200,58,105,0,0,0,0,0.0,21.0,Livramento,1
3,1990-09-19,8,287,True,True,None,None,6,0.42,77794,1,,0,0,0,0,406.8,89,17,0,1,,0,2,3.1,None,0,1.44,0.1,1.56,0.11,0.12,17.05,1.18,0.01,Kieran,0.0,323,162,18,1.25,0,False,76.1,181,54,478,False,319.4,197,71,1299,,None,50,210,32,p77794,0,0,None,0,,77794.jpg,2.9,140,39,0,241,False,0,0.0,Trippier,1.1,174,58,False,None,14,0.97,a,15,4,2022-01-07,33.0,281,101,72,0,0,0,0,0.0,14.4,Trippier,1
0,1994-08-02,0,55,True,True,None,None,1,0.27,111773,None,,0,0,0,0,19.7,327,121,0,None,,0,2,2.4,None,0,0.04,0.01,0.08,0.02,0.04,6.50,1.75,0.01,Emil,0.0,145,95,2,0.54,0,False,9.3,333,120,479,False,59.2,324,120,334,,None,45,366,75,p111773,0,0,None,0,,111773.jpg,1.4,309,110,0,206,False,0,0.0,Krafth,0.1,591,212,False,None,2,0.54,a,15,4,2019-08-08,13.0,315,118,17,0,0,0,0,0.0,3.8,Krafth,2
0,1993-11-11,0,0,True,True,None,None,0,0,101148,None,,0,0,0,0,0.0,482,199,0,None,,0,2,2.4,None,0,0.00,0,0.00,0,0.00,0.00,0,0,Jamaal,0.0,135,87,0,0,0,False,0.0,488,200,480,False,0.0,488,200,0,,None,45,356,67,p101148,0,0,None,0,,101148.jpg,0.0,491,200,0,241,False,0,0,Lascelles,0.1,529,200,False,None,0,0,a,15,4,2014-08-04,0.0,459,198,0,0,0,0,0,0.0,0.0,Lascelles,0
0,2004-06-25,0,0,True,True,None,None,0,0,545477,None,,0,0,0,0,0.0,454,181,0,None,,0,2,1.5,None,0,0.00,0,0.00,0,0.00,0.00,0,0,Alex,0.0,92,54,0,0,0,False,0.0,463,182,481,False,0.0,463,182,0,,None,40,632,195,p545477,0,0,None,0,,545477.jpg,0.0,466,182,0,104,False,0,0,Murphy,0.8,209,71,False,None,0,0,a,15,4,2023-07-19,0.0,428,177,0,0,0,0,0,0.0,0.0,A.Murphy,0
0,2001-11-14,0,0,True,True,None,None,0,0,441024,None,,0,0,0,0,0.0,414,156,0,None,,0,2,1.5,None,0,0.00,0,0.00,0,0.00,0.00,0,0,Harrison,0.0,45,24,0,0,0,False,0.0,424,158,482,False,0.0,424,158,0,,None,40,585,165,p441024,0,0,None,0,,441024.jpg,0.0,427,158,0,243,False,0,0,Ashby,0.2,413,168,False,None,0,0,a,15,4,2023-01-31,0.0,383,149,0,0,0,0,0,0.0,0.0,Ashby,0
0,None,0,0,True,True,None,None,0,0,578512,None,,0,0,0,0,0.0,465,189,0,None,,0,2,1.5,None,0,0.00,0,0.00,0,0.00,0.00,0,0,Miodrag,0.0,108,67,0,0,0,False,0.0,474,190,483,False,0.0,474,190,0,,None,40,648,208,p578512,0,0,None,0,,578512.jpg,0.0,477,190,0,None,False,0,0,Pivaš,0.2,407,167,False,None,0,0,a,15,4,None,0.0,441,187,0,0,0,0,0,0.0,0.0,Pivas,0
0,1995-09-18,0,7,True,True,None,None,0,0.0,169359,None,,0,0,0,0,5.6,349,127,0,None,,0,2,1.5,None,0,0.07,0.32,0.07,0.32,0.00,0.26,1.17,0.0,Matt,0.0,21,7,0,0.0,0,False,1.0,377,136,484,False,5.0,372,137,20,,None,40,561,148,p169359,0,0,None,0,,169359.jpg,1.0,338,120,0,241,False,0,0.0,Targett,0.5,252,88,False,None,0,0.0,a,15,4,2022-07-01,0.0,361,134,2,0,0,0,0,0.0,0.5,Targett,0
6,2001-02-24,9,476,True,True,None,None,10,0.37,232826,3,,0,0,0,0,777.3,23,22,0,None,,0,3,3.0,None,0,4.80,0.18,12.99,0.48,8.19,32.62,1.21,0.3,Anthony,0.0,644,286,33,1.22,6,False,196.8,36,28,485,False,537.0,111,45,2428,,None,75,25,15,p232826,0,1,3,0,,232826.jpg,3.6,82,41,0,241,False,0,0.0,Gordon,2.9,105,34,False,None,28,1.04,a,15,4,2023-01-29,655.0,43,27,124,0,0,0,0,0.0,16.5,Gordon,2
11,2002-04-27,15,535,True,True,None,None,12,0.43,449434,None,,0,0,0,0,785.4,21,20,0,None,,0,3,2.8,None,0,5.12,0.18,9.93,0.35,4.81,38.74,1.4,0.17,Anthony,0.0,634,281,35,1.26,6,False,199.8,30,24,486,False,627.0,75,30,2496,,None,70,39,27,p449434,0,0,None,0,,449434.jpg,4.0,46,24,0,206,False,0,0.0,Elanga,9.7,45,13,False,None,31,1.12,a,15,4,2025-07-11,582.0,51,34,153,0,0,0,0,0.0,21.9,Elanga,1
5,1997-12-09,13,442,True,True,None,None,6,0.31,201666,None,,0,0,0,0,407.1,88,69,0,None,,0,3,2.7,None,0,4.40,0.23,10.85,0.56,6.45,24.32,1.25,0.33,Harvey,0.0,596,251,23,1.19,9,False,163.1,60,43,487,False,522.2,115,48,1746,,None,65,49,35,p201666,0,0,None,0,,201666.jpg,3.9,53,25,0,241,False,0,0.0,Barnes,0.5,263,89,False,None,17,0.88,a,15,4,2023-07-23,701.0,35,21,130,0,0,0,0,0.0,20.0,Barnes,0
6,1997-11-16,10,661,True,True,None,None,13,0.36,208706,None,,0,0,0,0,796.0,18,17,0,None,,0,3,2.7,None,0,5.32,0.15,9.66,0.27,4.34,43.41,1.19,0.12,Bruno,0.0,599,253,44,1.21,5,False,197.5,35,27,488,False,723.0,47,14,3273,,None,65,52,37,p208706,0,0,None,0,,208706.jpg,3.6,80,40,0,30,False,0,0.0,Guimarães Rodriguez Moura,1.3,162,55,False,None,38,1.04,a,15,4,2022-01-30,454.0,66,45,135,0,0,0,0,0.0,20.8,Bruno G.,7
13,1995-02-24,11,601,True,True,None,None,11,0.42,114243,None,,0,0,0,0,625.2,47,40,0,None,,0,3,2.7,None,0,6.14,0.23,12.03,0.45,5.89,28.19,1.08,0.22,Jacob,0.0,592,247,31,1.18,8,False,185.6,47,35,489,False,713.4,49,16,2356,,None,65,45,31,p114243,0,0,None,0,,114243.jpg,4.5,21,11,0,241,False,0,0.0,Murphy,2.6,109,35,False,None,31,1.18,a,15,4,2017-07-19,519.0,56,38,159,0,0,0,0,0.0,24.5,J.Murphy,4
4,1996-08-14,11,374,True,True,None,None,10,0.38,180974,None,,0,0,0,0,389.3,94,70,0,None,,0,3,2.6,None,0,2.17,0.08,5.91,0.22,3.74,31.79,1.2,0.14,Joelinton Cássio,0.0,562,229,32,1.2,4,False,132.7,89,60,490,False,469.8,134,56,2394,,None,60,84,59,p180974,0,0,None,0,,180974.jpg,3.4,102,49,0,30,False,0,0.0,Apolinário de Lira,0.4,283,94,False,None,29,1.09,a,15,4,2019-07-24,465.0,65,44,99,0,0,0,0,0.0,16.5,Joelinton,10
2,2000-05-08,10,536,True,True,None,None,11,0.38,432422,4,,0,0,0,0,496.3,72,58,0,5,,0,3,2.5,None,0,2.77,0.09,7.23,0.24,4.46,33.18,1.14,0.15,Sandro,0.0,507,195,34,1.17,4,False,133.5,88,59,491,False,539.4,110,44,2625,,None,55,160,104,p432422,0,0,None,0,,432422.jpg,2.9,144,66,0,106,False,0,0.0,Tonali,2.3,123,39,False,None,28,0.96,a,15,4,2023-07-03,299.0,103,72,106,0,0,0,0,0.0,19.3,Tonali,5
0,2006-11-14,0,0,True,True,None,None,0,0,640108,None,,0,0,0,0,0.0,631,278,0,None,,0,3,2.0,None,0,0.00,0,0.00,0,0.00,0.00,0,0,Antoñito,0.0,456,166,0,0,0,False,0.0,631,278,492,False,0.0,631,278,0,,None,50,343,221,p640108,0,0,None,0,,640108.jpg,0.0,631,278,0,200,False,0,0,Cordero Campillo,0.1,611,255,False,None,0,0,a,15,4,2025-07-01,0.0,624,275,0,0,0,0,0,0.0,0.0,Antoñito C.,0
2,1999-08-20,0,139,True,True,None,None,4,0.34,200089,None,,0,0,0,0,273.8,133,93,0,None,,0,3,2.0,None,0,0.93,0.08,2.58,0.22,1.65,15.01,1.27,0.14,Joe,0.0,355,98,16,1.35,0,False,63.9,213,113,494,False,172.8,269,125,1065,,None,50,242,153,p200089,0,0,None,0,,200089.jpg,1.4,317,148,0,241,False,0,0.0,Willock,0.2,439,140,False,None,11,0.93,a,15,4,2021-08-13,197.0,155,101,46,0,0,0,0,0.0,9.2,Willock,4
0,1995-03-22,0,0,True,True,None,None,0,0,153127,None,,0,0,0,0,0.0,484,186,0,None,,0,3,1.5,None,0,0.00,0,0.00,0,0.00,0.00,0,0,Isaac,0.0,151,2,0,0,0,False,0.0,490,186,495,False,0.0,490,186,0,,None,45,372,223,p153127,0,0,None,0,,153127.jpg,0.0,493,187,0,107,False,0,0,Hayden,0.1,538,197,False,None,0,0,a,15,4,2016-07-11,0.0,463,178,0,0,0,0,0,0.0,0.0,Hayden,0
0,None,0,0,True,True,None,None,0,0,564510,None,,0,0,0,0,0.0,561,233,0,None,,0,3,1.5,None,0,0.00,0,0.00,0,0.00,0.00,0,0,Garang,0.0,284,58,0,0,0,False,0.0,565,233,496,False,0.0,565,233,0,,None,45,505,279,p564510,0,0,None,0,,564510.jpg,0.0,566,234,0,None,False,0,0,Kuol,0.1,625,269,False,None,0,0,a,15,4,None,0.0,544,226,0,0,0,0,0,0.0,0.0,Kuol,0
0,2006-05-01,1,88,True,True,None,None,0,0.0,547719,None,,0,0,0,0,33.5,302,159,0,None,,0,3,1.5,None,0,0.30,0.09,0.87,0.26,0.57,5.68,1.68,0.17,Lewis,0.0,271,50,4,1.18,1,False,16.7,309,150,497,False,87.4,310,148,304,,None,45,492,271,p547719,0,0,None,0,,547719.jpg,1.5,302,141,0,241,False,0,0.0,Miley,3.1,96,30,False,None,1,0.3,a,15,4,2023-02-01,45.0,270,144,21,0,0,0,0,0.0,4.7,L.Miley,0
0,2002-10-01,0,0,True,True,None,None,0,0,461484,None,,0,0,0,0,0.0,514,199,0,None,,0,3,1.5,None,0,0.00,0,0.00,0,0.00,0.00,0,0,Joe,0.0,215,18,0,0,0,False,0.0,518,199,498,False,0.0,518,199,0,,None,45,436,239,p461484,0,0,None,0,,461484.jpg,0.0,521,200,0,241,False,0,0,White,0.2,461,152,False,None,0,0,a,15,4,2024-01-29,0.0,494,191,0,0,0,0,0,0.0,0.0,White,0
6,1999-09-21,36,848,True,True,None,None,12,0.39,219168,None,,0,0,0,0,573.1,56,2,0,3,,0,4,3.6,None,0,3.59,0.12,23.92,0.78,20.33,36.85,1.2,0.66,Alexander,0.0,660,68,41,1.34,23,False,292.7,5,1,499,False,1043.0,5,1,2758,,None,105,3,2,p219168,0,0,2,0,,219168.jpg,6.2,3,1,0,206,False,0,0.0,Isak,36.8,5,2,False,None,34,1.11,a,15,4,2022-08-26,1320.0,3,2,211,0,0,0,0,0.0,20.1,Isak,1
0,2003-08-04,1,59,True,True,None,None,0,0.0,538207,None,,0,0,0,0,25.1,316,30,0,None,,0,4,2.3,None,0,0.05,0.04,0.21,0.16,0.16,3.18,2.31,0.12,William,0.0,543,41,3,2.18,1,False,10.5,330,29,500,False,42.4,336,29,124,,None,55,196,36,p538207,0,0,None,0,,538207.jpg,1.4,321,28,0,58,False,0,0.0,Osula,0.1,491,65,False,None,0,0.0,a,15,4,2024-08-08,37.0,275,31,19,0,0,0,0,0.0,3.5,Osula,0
0,2007-05-27,0,0,True,True,None,None,0,0,599303,None,,0,0,0,0,0.0,578,52,0,None,,0,4,1.5,None,0,0.00,0,0.00,0,0.00,0.00,0,0,Sean,0.0,308,20,0,0,0,False,0.0,582,52,501,False,0.0,582,52,0,,None,45,529,68,p599303,0,0,None,0,,599303.jpg,0.0,583,52,0,241,False,0,0,Neave,0.3,353,57,False,None,0,0,a,15,4,2025-02-07,0.0,563,52,0,0,0,0,0,0.0,0.0,Neave,0
1,1992-02-26,11,521,True,True,None,None,13,0.34,85633,None,,0,0,0,0,20.2,323,5,0,None,,0,1,3.1,None,0,0.26,0.01,0.26,0.01,0.00,50.17,1.32,0.0,Matz,0.0,326,61,46,1.21,0,False,96.7,134,3,502,False,942.2,10,3,3420,,None,50,213,6,p85633,0,0,None,0,,85633.jpg,3.9,48,8,0,21,False,120,3.16,Sels,17.7,22,3,False,None,38,1.0,a,16,17,2024-02-01,0.0,573,62,150,0,0,0,0,0.0,30.0,Sels,4
0,1998-10-09,0,0,True,True,None,None,0,0,475123,None,,0,0,0,0,0.0,431,47,0,None,,0,1,1.0,None,0,0.00,0,0.00,0,0.00,0.00,0,0,Carlos Miguel,0.0,63,30,0,0,0,False,0.0,441,56,503,False,0.0,441,56,0,,None,40,603,61,p475123,0,0,None,0,,475123.jpg,0.0,444,56,0,30,False,0,0,dos Santos Pereira,0.3,341,47,False,None,0,0,a,16,17,2024-07-09,0.0,400,32,0,0,0,0,0,0.0,0.0,C.Miguel,0
0,1994-06-24,0,0,True,True,None,None,0,0,224068,None,,0,0,0,0,0.0,403,35,0,None,,0,1,1.0,None,0,0.00,0,0.00,0,0.00,0.00,0,0,Matt,0.0,32,18,0,0,0,False,0.0,413,44,504,False,0.0,413,44,0,,None,40,572,49,p224068,0,0,None,0,,224068.jpg,0.0,416,44,0,229,False,0,0,Turner,1.4,154,22,False,None,0,0,a,16,17,2023-08-09,0.0,371,20,0,0,0,0,0,0.0,0.0,Turner,0
2,1997-10-12,2,499,True,True,None,None,13,0.35,227444,None,,0,0,0,0,107.9,233,74,0,None,,0,2,3.3,None,0,0.73,0.02,4.78,0.13,4.05,48.95,1.32,0.11,Nikola,0.0,497,200,45,1.22,5,False,127.2,94,15,505,False,805.2,28,11,3330,,None,55,150,19,p227444,0,0,None,0,,227444.jpg,3.9,50,3,0,190,False,0,0.0,Milenković,6.9,57,22,False,None,37,1.0,a,16,17,2024-07-18,361.0,85,5,145,0,0,0,0,0.0,26.4,Milenković,4
0,2002-07-04,18,541,True,True,None,None,12,0.34,575476,None,,0,0,0,0,211.2,166,35,0,3,,0,2,3.3,None,0,1.15,0.03,2.62,0.07,1.47,47.42,1.34,0.04,Murillo,0.0,550,211,44,1.24,2,False,134.0,87,13,506,False,927.2,13,3,3188,,None,55,203,30,p575476,0,0,None,0,,575476.jpg,3.6,77,12,0,30,False,0,0.0,Costa dos Santos,3.1,99,32,False,None,36,1.02,a,16,17,2023-08-31,201.0,150,26,130,0,0,0,0,0.0,23.6,Murillo,6
1,1996-10-08,15,483,True,True,None,None,12,0.36,159506,None,,0,0,0,0,282.3,131,26,0,None,,0,2,2.6,None,0,2.25,0.07,2.88,0.09,0.63,40.59,1.22,0.02,Ola,0.0,340,164,39,1.17,2,False,94.1,140,37,507,False,578.2,97,33,2996,,None,50,227,34,p159506,0,0,None,0,,159506.jpg,3.7,66,8,0,157,False,0,0.0,Aina,17.6,23,8,False,None,35,1.05,a,16,17,2023-07-22,80.0,239,79,128,0,0,0,0,0.0,25.6,Aina,5
3,2001-04-13,8,435,True,True,None,None,10,0.35,215136,None,,0,0,0,0,305.3,121,23,0,None,,0,2,2.6,None,0,1.54,0.05,3.83,0.13,2.29,38.50,1.34,0.08,Neco,0.0,371,171,31,1.08,1,False,118.0,109,25,508,False,628.4,73,25,2588,,None,50,258,41,p215136,0,0,None,0,,215136.jpg,3.1,124,33,0,244,False,0,0.0,Williams,1.4,155,53,False,None,28,0.97,a,16,17,2022-07-11,244.0,121,17,109,0,0,0,0,0.0,21.8,N.Williams,7
0,1999-07-19,0,0,True,True,None,None,0,0,451432,None,,0,0,0,0,0.0,511,208,0,None,,0,2,1.9,None,0,0.00,0,0.00,0,0.00,0.00,0,0,David,0.0,212,138,0,0,0,False,0.0,515,209,509,False,0.0,515,209,0,,None,45,433,118,p451432,0,0,None,0,,451432.jpg,0.0,518,209,0,6,False,0,0,Mota Veiga Teixeira do Carmo,0.1,583,211,False,None,0,0,a,16,17,2024-08-25,0.0,491,208,0,0,0,0,0,0.0,0.0,David Carmo,0
0,2005-03-07,0,0,True,True,None,None,0,0,575458,None,,0,0,0,0,0.0,567,215,0,None,,0,2,1.9,None,0,0.00,0,0.00,0,0.00,0.00,0,0,Jair,0.0,292,157,0,0,0,False,0.0,571,216,510,False,0.0,571,216,0,,None,45,513,137,p575458,0,0,None,0,,575458.jpg,0.0,572,216,0,30,False,0,0,Paula da Cunha Filho,0.1,492,191,False,None,0,0,a,16,17,2025-07-11,0.0,551,215,0,0,0,0,0,0.0,0.0,Jair Cunha,0
0,2001-06-30,2,125,True,True,None,None,3,0.3,485047,None,,0,0,0,0,10.8,341,126,0,None,,0,2,1.9,None,0,0.03,0.0,0.21,0.02,0.18,14.21,1.44,0.02,Felipe,0.0,224,143,14,1.41,0,False,24.0,296,107,511,False,205.2,248,90,891,,None,45,445,123,p485047,0,0,None,0,,485047.jpg,1.4,314,115,0,30,False,0,0.0,Rodrigues da Silva,0.1,523,198,False,None,6,0.61,a,16,17,2024-08-30,22.0,300,111,36,0,0,0,0,0.0,8.0,Morato,5
0,1998-02-15,0,0,True,True,None,None,0,0,204822,None,,0,0,0,0,0.0,490,203,0,None,,0,2,1.9,None,0,0.00,0,0.00,0,0.00,0.00,0,0,Omar,0.0,166,110,0,0,0,False,0.0,495,204,512,False,0.0,495,204,0,,None,45,387,90,p204822,0,0,None,0,,204822.jpg,0.0,498,204,0,241,False,0,0,Richards,0.1,599,214,False,None,0,0,a,16,17,2022-07-10,0.0,469,202,0,0,0,0,0,0.0,0.0,O.Richards,0
0,None,0,0,True,True,None,None,0,0,549067,None,,0,0,0,0,0.0,457,184,0,None,,0,2,1.0,None,0,0.00,0,0.00,0,0.00,0.00,0,0,Zach,0.0,96,58,0,0,0,False,0.0,466,185,513,False,0.0,466,185,0,,None,40,636,199,p549067,0,0,None,0,,549067.jpg,0.0,469,185,0,None,False,0,0,Abbott,0.3,356,140,False,None,0,0,a,16,17,None,0.0,431,180,0,0,0,0,0,0.0,0.0,Abbott,0
0,1991-02-03,0,26,True,True,None,None,0,0.0,90585,None,,0,0,0,0,0.4,368,138,0,None,,0,2,1.0,None,0,0.00,0.0,0.07,0.04,0.07,2.68,1.65,0.04,Willy,0.0,10,2,1,0.62,0,False,6.8,347,127,514,False,51.0,330,122,146,,None,40,550,143,p90585,0,0,None,0,,90585.jpg,1.0,336,119,0,54,False,0,0.0,Boly,0.6,239,82,False,None,1,0.62,a,16,17,2022-09-01,17.0,306,114,6,0,0,0,0,0.0,1.5,Boly,1
11,2000-01-27,18,594,True,True,None,None,13,0.42,222531,None,,0,0,0,0,793.7,20,19,0,2,,0,3,2.5,None,0,4.68,0.15,10.99,0.35,6.31,41.21,1.32,0.2,Morgan,0.0,641,284,34,1.09,7,False,210.6,22,17,515,False,680.4,56,20,2806,,None,75,22,13,p222531,0,0,2,0,,222531.jpg,4.5,23,13,1,241,False,0,0.0,Gibbs-White,3.8,85,25,False,None,34,1.09,a,16,17,2022-08-19,632.0,46,29,154,0,0,0,0,0.0,20.5,Gibbs-White,9
3,2000-11-07,7,454,True,True,None,None,11,0.45,209046,None,,0,0,0,0,663.9,40,35,0,None,,0,3,2.1,None,0,2.54,0.1,5.06,0.2,2.52,27.79,1.14,0.1,Callum,0.0,566,233,23,0.95,5,False,151.0,70,49,516,False,445.6,142,62,2190,,None,60,88,63,p209046,0,0,None,0,,209046.jpg,3.3,113,54,0,241,False,0,0.0,Hudson-Odoi,2.4,118,37,False,None,25,1.03,a,16,17,2023-09-01,405.0,76,53,103,0,0,0,0,0.0,17.2,Hudson-Odoi,2
6,2002-11-06,8,526,True,True,None,None,13,0.43,215379,3,,0,0,0,0,605.2,50,43,0,None,,0,3,2.0,None,0,3.51,0.12,5.55,0.19,2.04,40.36,1.33,0.07,Elliot,0.0,491,185,37,1.22,2,False,155.6,66,46,517,False,638.8,67,25,2726,,None,55,144,94,p215379,0,0,None,0,,215379.jpg,2.9,143,65,0,241,False,0,0.0,Anderson,1.8,136,44,False,None,33,1.09,a,16,17,2024-07-01,308.0,97,67,107,0,0,0,0,0.0,19.5,Anderson,10
2,1999-08-01,0,212,True,True,None,None,1,0.11,510500,None,,0,0,0,0,182.9,184,124,0,None,,0,3,2.0,None,0,1.87,0.2,4.00,0.43,2.13,12.56,1.35,0.23,João Pedro,0.0,538,214,16,1.72,3,False,64.6,210,111,518,False,221.8,232,111,835,,None,55,191,123,p510500,0,0,None,0,,510500.jpg,1.7,287,133,0,173,False,0,0.0,Ferreira da Silva,0.1,544,201,False,None,5,0.54,a,16,17,2024-08-01,239.0,123,82,52,0,0,0,0,0.0,9.5,Jota,5
1,1998-06-28,0,292,True,True,0,None,7,0.32,250199,None,,0,0,0,0,247.2,149,103,0,None,,0,3,0.0,None,0,1.58,0.07,3.16,0.14,1.58,31.90,1.47,0.07,Nicolás,0.0,391,120,27,1.24,0,False,89.4,146,84,519,False,410.2,154,69,1954,Knee injury - Expected back 04 Oct,2025-07-21T10:00:04.988497Z,50,278,175,p250199,0,0,None,0,,250199.jpg,1.6,294,136,0,10,False,0,0.0,Domínguez,0.0,663,299,False,None,23,1.06,i,16,17,2023-09-01,237.0,126,83,54,0,0,0,0,0.0,10.8,Dominguez,9
0,1998-10-14,0,0,False,True,0,None,0,0,243345,None,,0,0,0,0,0.0,598,253,0,None,,0,3,0.0,None,0,0.00,0,0.00,0,0.00,0.00,0,0,Lewis,0.0,385,116,0,0,0,False,0.0,600,253,520,False,0.0,600,253,0,Has joined Wrexham permanently.,2025-07-25T14:55:12.030109Z,50,272,171,p243345,0,0,None,0,,243345.jpg,0.0,601,254,0,241,False,0,0,O'Brien,0.1,613,257,False,None,0,0,u,16,17,2022-07-20,0.0,589,248,0,0,0,0,0,0.0,0.0,O'Brien,0
1,1997-12-02,0,107,True,True,None,None,2,0.31,210462,None,,0,0,0,0,80.3,250,139,0,None,,0,3,1.5,None,0,0.21,0.03,0.23,0.03,0.02,8.41,1.3,0.0,Ibrahim,0.0,366,106,6,0.92,0,False,23.2,298,146,521,False,130.6,288,137,584,,None,50,253,161,p210462,0,0,None,0,,210462.jpg,1.5,305,143,0,54,False,0,0.0,Sangaré,0.1,533,195,False,None,7,1.08,a,16,17,2023-09-01,21.0,302,158,20,0,0,0,0,0.0,4.0,Sangaré,3
2,1997-11-21,3,306,True,True,None,None,6,0.28,204968,None,,0,0,0,0,241.1,152,106,0,None,,0,3,1.5,None,0,0.47,0.02,2.88,0.13,2.41,27.84,1.32,0.11,Ryan,0.0,360,102,27,1.28,2,False,85.4,157,88,522,False,344.4,183,84,1901,,None,50,247,157,p204968,0,0,None,0,,204968.jpg,1.9,257,115,0,241,False,0,0.0,Yates,0.2,452,147,False,None,18,0.85,a,16,17,2018-08-01,265.0,111,76,67,0,0,0,0,0.0,13.4,Yates,10
0,2006-05-03,0,9,True,True,None,None,0,0.0,569014,None,,0,0,0,0,0.3,373,181,0,None,,0,3,1.0,None,0,0.00,0.0,0.00,0.0,0.00,0.31,1.0,0.0,Eric,0.0,287,60,0,0.0,0,False,0.6,380,178,523,False,5.2,371,174,28,,None,45,508,281,p569014,0,0,None,0,,569014.jpg,1.0,360,163,0,80,False,0,0.0,da Silva Moreira,0.2,433,137,False,None,0,0.0,a,16,17,2024-07-01,0.0,547,228,2,0,0,0,0,0.0,0.4,Da Silva Moreira,0
0,2002-02-19,0,0,True,True,None,None,0,0,495161,None,,0,0,0,0,0.0,529,210,0,None,,0,3,1.0,None,0,0.00,0,0.00,0,0.00,0.00,0,0,Marko,0.0,241,31,0,0,0,False,0.0,533,210,524,False,0.0,533,210,0,,None,45,462,252,p495161,0,0,None,0,,495161.jpg,0.0,536,211,0,154,False,0,0,Stamenić,0.1,595,244,False,None,0,0,a,16,17,2024-06-27,0.0,510,202,0,0,0,0,0,0.0,0.0,Stamenic,0
3,1991-12-07,41,744,True,True,None,None,15,0.46,60689,None,,0,0,0,0,320.0,113,12,0,None,,0,4,2.4,None,0,1.59,0.05,15.01,0.46,13.42,40.64,1.24,0.41,Chris,0.0,637,59,37,1.13,20,False,205.6,28,6,525,False,838.4,22,5,2958,,None,75,18,6,p60689,0,0,1,0,,60689.jpg,5.6,7,4,0,154,False,0,0.0,Wood,14.5,27,7,False,None,35,1.06,a,16,17,2023-07-01,900.0,18,9,200,0,0,0,0,0.0,26.7,Wood,1
0,2001-02-25,0,0,True,True,None,None,0,0,482973,None,,0,0,0,0,0.0,657,67,0,None,,0,4,2.0,None,0,0.00,0,0.00,0,0.00,0.00,0,0,Igor Jesus,0.0,583,46,0,0,0,False,0.0,657,67,526,False,0.0,657,67,0,,None,60,105,24,p482973,0,0,None,0,,482973.jpg,0.0,657,67,0,30,False,0,0,Maciel da Cruz,1.6,143,27,False,None,0,0,a,16,17,2025-07-05,0.0,656,67,0,0,0,0,0,0.0,0.0,Igor Jesus,0
0,1997-08-12,0,89,True,True,None,None,1,0.23,210156,None,,0,0,0,0,40.9,291,28,0,None,,0,4,1.8,None,0,0.12,0.03,2.27,0.52,2.15,6.65,1.5,0.49,Taiwo,0.0,489,34,10,2.26,1,False,21.9,302,28,527,False,67.0,320,28,398,,None,55,142,29,p210156,0,0,None,0,,210156.jpg,1.2,330,31,0,157,False,0,0.0,Awoniyi,0.7,211,42,False,None,3,0.68,a,16,17,2022-06-25,118.0,207,27,32,0,0,0,0,0.0,5.8,Awoniyi,0
0,2000-05-10,0,0,True,True,None,None,0,0,232571,None,,0,0,0,0,0.0,497,65,0,None,,0,1,1.8,None,0,0.00,0,0.00,0,0.00,0.00,0,0,Anthony,0.0,186,53,0,0,0,False,0.0,501,69,528,False,0.0,501,69,0,,None,45,407,25,p232571,0,0,None,0,,232571.jpg,0.0,504,69,0,241,False,0,0,Patterson,0.6,230,33,False,None,0,0,a,17,56,2018-10-09,0.0,476,54,0,0,0,0,0,0.0,0.0,Patterson,0
0,1990-05-19,0,0,True,True,None,None,0,0,74854,None,,0,0,0,0,0.0,382,22,0,None,,0,1,0.5,None,0,0.00,0,0.00,0,0.00,0.00,0,0,Simon,0.0,6,5,0,0,0,False,0.0,394,33,529,False,0.0,394,33,0,,None,40,546,36,p74854,0,0,None,0,,74854.jpg,0.0,398,34,0,241,False,0,0,Moore,0.7,227,32,False,None,0,0,a,17,56,2024-07-01,0.0,348,7,0,0,0,0,0,0.0,0.0,Moore,0
0,2001-05-31,0,0,True,True,None,None,0,0,490000,None,,0,0,0,0,0.0,438,50,0,None,,0,1,0.5,None,0,0.00,0,0.00,0,0.00,0.00,0,0,Blondy,0.0,71,34,0,0,0,False,0.0,448,59,530,False,0.0,448,59,0,,None,40,611,65,p490000,0,0,None,0,,490000.jpg,0.0,451,59,0,38,False,0,0,Nna Noukeu,0.3,352,48,False,None,0,0,a,17,56,2024-08-02,0.0,408,36,0,0,0,0,0,0.0,0.0,Nna Noukeu,0
0,1999-09-22,0,0,True,True,None,None,0,0,223827,None,,0,0,0,0,0.0,494,206,0,None,,0,2,1.4,None,0,0.00,0,0.00,0,0.00,0.00,0,0,Daniel,0.0,178,120,0,0,0,False,0.0,499,207,531,False,0.0,499,207,0,,None,45,399,100,p223827,0,0,None,0,,223827.jpg,0.0,502,207,0,242,False,0,0,Ballard,0.3,366,146,False,None,0,0,a,17,56,2022-07-01,0.0,473,205,0,0,0,0,0,0.0,0.0,Ballard,0
0,2002-03-18,0,0,True,True,None,None,0,0,487676,None,,0,0,0,0,0.0,520,210,0,None,,0,2,1.4,None,0,0.00,0,0.00,0,0.00,0.00,0,0,Trai,0.0,226,145,0,0,0,False,0.0,524,211,532,False,0.0,524,211,0,,None,45,447,125,p487676,0,0,None,0,,487676.jpg,0.0,527,211,0,242,False,0,0,Hume,0.4,319,120,False,None,0,0,a,17,56,2022-01-04,0.0,500,210,0,0,0,0,0,0.0,0.0,Hume,0
0,2001-01-17,0,0,True,True,0,None,0,0,220684,None,,0,0,0,0,0.0,401,147,0,None,,0,2,0.0,None,0,0.00,0,0.00,0,0.00,0.00,0,0,Aji,0.0,29,12,0,0,0,False,0.0,411,149,533,False,0.0,411,149,0,Shoulder injury - Expected back 13 Sep,2025-07-21T10:00:05.007315Z,40,569,153,p220684,0,0,None,0,,220684.jpg,0.0,414,149,0,241,False,0,0,Alese,0.0,660,220,False,None,0,0,i,17,56,2022-07-15,0.0,368,138,0,0,0,0,0,0.0,0.0,Alese,0
0,2001-02-06,0,0,True,True,None,None,0,0,232820,None,,0,0,0,0,0.0,404,149,0,None,,0,2,0.5,None,0,0.00,0,0.00,0,0.00,0.00,0,0,Joe,0.0,33,15,0,0,0,False,0.0,414,151,534,False,0.0,414,151,0,,None,40,573,156,p232820,0,0,None,0,,232820.jpg,0.0,417,151,0,241,False,0,0,Anderson,0.5,250,87,False,None,0,0,a,17,56,2023-01-31,0.0,372,141,0,0,0,0,0,0.0,0.0,Anderson,0
0,2002-04-06,0,0,True,True,0,None,0,0,461195,None,,0,0,0,0,0.0,420,160,0,None,,0,2,0.0,None,0,0.00,0,0.00,0,0.00,0.00,0,0,Dennis,0.0,51,28,0,0,0,False,0.0,430,162,535,False,0.0,430,162,0,Wrist Injury - Expected back 13 Jul,2025-07-21T10:00:05.027113Z,40,591,169,p461195,0,0,None,0,,461195.jpg,0.0,433,162,0,241,False,0,0,Cirkin,0.5,260,92,False,None,0,0,i,17,56,2021-08-11,0.0,389,153,0,0,0,0,0,0.0,0.0,Cirkin,0
0,2003-08-26,0,0,True,True,0,None,0,0,477547,None,,0,0,0,0,0.0,432,165,0,None,,0,2,0.0,None,0,0.00,0,0.00,0,0.00,0.00,0,0,Leo Fuhr,0.0,64,34,0,0,0,False,0.0,442,167,536,False,0.0,442,167,0,Achilles injury - Expected back 13 Sep,2025-07-21T10:00:05.047173Z,40,604,175,p477547,0,0,None,0,,477547.jpg,0.0,445,167,0,161,False,0,0,Hjelde,0.0,658,219,False,None,0,0,i,17,56,2024-01-30,0.0,401,158,0,0,0,0,0,0.0,0.0,Hjelde,0
0,2000-12-18,0,0,True,True,None,None,0,0,492066,None,,0,0,0,0,0.0,439,169,0,None,,0,2,0.5,None,0,0.00,0,0.00,0,0.00,0.00,0,0,Niall,0.0,72,38,0,0,0,False,0.0,449,171,537,False,0.0,449,171,0,,None,40,612,179,p492066,0,0,None,0,,492066.jpg,0.0,452,171,0,244,False,0,0,Huggins,0.3,347,136,False,None,0,0,a,17,56,2021-08-20,0.0,409,162,0,0,0,0,0,0.0,0.0,Huggins,0
0,2004-07-30,0,0,True,True,None,None,0,0,514613,None,,0,0,0,0,0.0,446,174,0,None,,0,2,0.5,None,0,0.00,0,0.00,0,0.00,0.00,0,0,Zak,0.0,82,45,0,0,0,False,0.0,456,176,538,False,0.0,456,176,0,,None,40,622,186,p514613,0,0,None,0,,514613.jpg,0.0,460,177,0,241,False,0,0,Johnson,0.3,325,124,False,None,0,0,a,17,56,2021-10-12,0.0,419,169,0,0,0,0,0,0.0,0.0,Johnson,0
0,1994-11-21,0,0,True,True,0,None,0,0,167512,None,,0,0,0,0,0.0,394,143,0,None,,0,2,0.0,None,0,0.00,0,0.00,0,0.00,0.00,0,0,Luke,0.0,20,6,0,0,0,False,0.0,405,145,539,False,0.0,405,145,0,Shoulder injury - Expected back 13 Sep,2025-07-21T10:00:05.068622Z,40,560,147,p167512,0,0,3,0,,167512.jpg,0.0,408,145,0,241,False,0,0,O'Nien,0.1,634,216,False,None,0,0,i,17,56,2018-07-30,0.0,360,133,0,0,0,0,0,0.0,0.0,O'Nien,0
0,2002-09-09,0,0,True,True,None,None,0,0,465702,None,,0,0,0,0,0.0,426,162,0,None,,0,2,0.5,None,0,0.00,0,0.00,0,0.00,0.00,0,0,Timothée,0.0,58,31,0,0,0,False,0.0,436,164,540,False,0.0,436,164,0,,None,40,598,172,p465702,0,0,None,0,,465702.jpg,0.0,439,164,0,73,False,0,0,Pembélé,0.3,346,135,False,None,0,0,a,17,56,2023-09-01,0.0,395,155,0,0,0,0,0,0.0,0.0,Pembele,0
0,1994-01-21,0,0,True,True,None,None,0,0,434399,None,,0,0,0,0,0.0,411,153,0,None,,0,2,0.5,None,0,0.00,0,0.00,0,0.00,0.00,0,0,Reinildo,0.0,40,19,0,0,0,False,0.0,421,155,541,False,0.0,421,155,0,,None,40,580,160,p434399,0,0,None,0,,434399.jpg,0.0,424,155,0,146,False,0,0,Mandava,8.4,49,19,False,None,0,0,a,17,56,2025-07-08,0.0,379,145,0,0,0,0,0,0.0,0.0,Reinildo,0
0,2003-05-23,0,0,True,True,None,None,0,0,519634,None,,0,0,0,0,0.0,450,178,0,None,,0,2,0.5,None,0,0.00,0,0.00,0,0.00,0.00,0,0,Jenson,0.0,88,51,0,0,0,False,0.0,459,179,542,False,0.0,459,179,0,,None,40,628,192,p519634,0,0,None,0,,519634.jpg,0.0,462,179,0,152,False,0,0,Seelt,0.4,281,100,False,None,0,0,a,17,56,2023-07-01,0.0,424,174,0,0,0,0,0,0.0,0.0,Seelt,0
3,2002-01-01,0,207,True,True,None,None,2,0.17,535818,None,,0,0,0,0,261.9,138,97,0,None,,0,3,1.5,None,0,2.73,0.23,5.20,0.44,2.47,18.94,1.58,0.21,Simon,0.0,542,218,23,1.91,2,False,80.9,167,90,543,False,212.4,241,116,1081,,None,55,195,127,p535818,0,0,None,0,,535818.jpg,2.1,238,107,0,54,False,0,0.0,Adingra,3.1,98,31,False,None,12,1.0,a,17,56,2025-07-10,337.0,92,63,60,0,0,0,0,0.0,10.9,Adingra,0
0,2004-01-03,0,0,True,True,None,None,0,0,547027,None,,0,0,0,0,0.0,652,294,0,None,,0,3,1.5,None,0,0.00,0,0.00,0,0.00,0.00,0,0,Habib,0.0,545,220,0,0,0,False,0.0,652,294,544,False,0.0,652,294,0,,None,55,198,129,p547027,0,0,None,0,,547027.jpg,0.0,652,294,0,189,False,0,0,Diarra,0.2,444,142,False,None,0,0,a,17,56,2025-07-01,0.0,650,292,0,0,0,0,0,0.0,0.0,Diarra,0
0,1997-02-05,0,0,True,True,None,None,0,0,124165,2,,0,0,0,0,0.0,633,279,0,2,,0,3,1.5,None,0,0.00,0,0.00,0,0.00,0.00,0,0,Patrick,0.0,467,170,0,0,0,False,0.0,633,279,545,False,0.0,633,279,0,,None,55,120,79,p124165,0,0,1,0,,124165.jpg,0.0,633,279,0,241,False,0,0,Roberts,0.1,580,231,False,None,0,0,a,17,56,2022-01-21,0.0,629,276,0,0,0,0,0,0.0,0.0,Roberts,0
0,2005-08-30,0,0,True,True,None,None,0,0,626844,None,,0,0,0,0,0.0,630,277,0,None,,0,3,1.0,None,0,0.00,0,0.00,0,0.00,0.00,0,0,Milan,0.0,455,165,0,0,0,False,0.0,630,277,546,False,0.0,630,277,0,,None,50,342,220,p626844,0,0,None,0,,626844.jpg,0.0,630,277,0,190,False,0,0,Aleksić,0.1,555,211,False,None,0,0,a,17,56,2024-08-30,0.0,623,274,0,0,0,0,0,0.0,0.0,Aleksić,0
0,2000-02-03,0,0,True,True,None,None,0,0,484420,1,,0,0,0,0,0.0,615,265,0,1,,0,3,1.0,None,0,0.00,0,0.00,0,0.00,0.00,0,0,Enzo,0.0,421,137,0,0,0,False,0.0,616,265,547,False,0.0,616,265,0,,None,50,308,192,p484420,0,0,None,0,,484420.jpg,0.0,616,265,0,73,False,0,0,Le Fée,1.7,140,48,False,None,0,0,a,17,56,2025-07-01,0.0,608,262,0,0,0,0,0,0.0,0.0,E.Le Fée,0
0,2003-04-24,0,0,True,True,None,None,0,0,461199,3,,0,0,0,0,0.0,609,259,0,3,,0,3,1.0,None,0,0.00,0,0.00,0,0.00,0.00,0,0,Romaine,0.0,408,128,0,0,0,False,0.0,611,260,548,False,0.0,611,260,0,,None,50,295,183,p461199,0,0,None,0,,461199.jpg,0.0,611,260,0,241,False,0,0,Mundle,0.1,565,218,False,None,0,0,a,17,56,2024-02-01,0.0,602,256,0,0,0,0,0,0.0,0.0,Mundle,0
0,2001-12-13,0,0,True,True,None,None,0,0,223336,None,,0,0,0,0,0.0,597,252,0,None,,0,3,1.0,None,0,0.00,0,0.00,0,0.00,0.00,0,0,Dan,0.0,378,111,0,0,0,False,0.0,599,252,549,False,0.0,599,252,0,,None,50,265,166,p223336,0,0,None,0,,223336.jpg,0.0,600,253,0,241,False,0,0,Neil,0.1,566,219,False,None,0,0,a,17,56,2018-11-01,0.0,588,247,0,0,0,0,0,0.0,0.0,Neil,0
0,2000-02-09,0,0,True,True,None,None,0,0,215460,None,,0,0,0,0,0.0,595,251,0,None,,0,3,1.0,None,0,0.00,0,0.00,0,0.00,0.00,0,0,Ian,0.0,373,110,0,0,0,False,0.0,597,251,550,False,0.0,597,251,0,,None,50,260,165,p215460,0,0,None,0,,215460.jpg,0.0,598,252,0,48,False,0,0,Poveda-Ocampo,0.1,615,259,False,None,0,0,a,17,56,2024-07-24,0.0,586,246,0,0,0,0,0,0.0,0.0,Poveda,0
0,2007-06-18,0,0,True,True,None,None,0,0,554197,None,,0,0,0,0,0.0,623,272,0,None,,0,3,1.0,None,0,0.00,0,0.00,0,0.00,0.00,0,0,Chris,0.0,445,157,0,0,0,False,0.0,624,272,551,False,0.0,624,272,0,,None,50,332,212,p554197,0,0,None,0,,554197.jpg,0.0,624,272,0,241,False,0,0,Rigg,0.2,463,154,False,None,0,0,a,17,56,2022-12-31,0.0,616,269,0,0,0,0,0,0.0,0.0,Rigg,0
0,2004-12-17,0,0,True,True,None,None,0,0,577669,None,,0,0,0,0,0.0,626,274,0,None,,0,3,1.0,None,0,0.00,0,0.00,0,0.00,0.00,0,0,Noah,0.0,449,160,0,0,0,False,0.0,627,274,552,False,0.0,627,274,0,,None,50,336,215,p577669,0,0,None,0,,577669.jpg,0.0,627,274,0,50,False,0,0,Sadiki,0.1,550,206,False,None,0,0,a,17,56,2025-07-04,0.0,619,271,0,0,0,0,0,0.0,0.0,Sadiki,0
0,2005-05-09,0,0,True,True,None,None,0,0,549912,None,,0,0,0,0,0.0,622,271,0,None,,0,3,1.0,None,0,0.00,0,0.00,0,0.00,0.00,0,0,Chemsdine,0.0,443,155,0,0,0,False,0.0,623,271,553,False,0.0,623,271,0,,None,50,330,210,p549912,0,0,None,0,,549912.jpg,0.0,623,271,0,145,False,0,0,Talbi,0.2,418,135,False,None,0,0,a,17,56,2025-07-09,0.0,615,268,0,0,0,0,0,0.0,0.0,Talbi,0
0,2003-07-31,0,0,True,True,None,None,0,0,477851,None,,0,0,0,0,0.0,519,203,0,None,,0,3,0.5,None,0,0.00,0,0.00,0,0.00,0.00,0,0,Abdoullah,0.0,222,22,0,0,0,False,0.0,523,203,554,False,0.0,523,203,0,,None,45,443,243,p477851,0,0,None,0,,477851.jpg,0.0,526,204,0,73,False,0,0,Ba,0.4,316,101,False,None,0,0,a,17,56,2022-08-31,0.0,499,195,0,0,0,0,0,0.0,0.0,Ba,0
0,1995-04-15,0,0,True,True,None,None,0,0,171422,None,,0,0,0,0,0.0,486,187,0,None,,0,3,0.5,None,0,0.00,0,0.00,0,0.00,0.00,0,0,Alan,0.0,156,4,0,0,0,False,0.0,492,187,555,False,0.0,492,187,0,,None,45,377,225,p171422,0,0,None,0,,171422.jpg,0.0,495,188,0,104,False,0,0,Browne,0.1,496,171,False,None,0,0,a,17,56,2024-07-11,0.0,465,179,0,0,0,0,0,0.0,0.0,Browne,0
0,2002-01-15,0,0,True,True,None,None,0,0,458297,None,,0,0,0,0,0.0,513,198,0,None,,0,3,0.5,None,0,0.00,0,0.00,0,0.00,0.00,0,0,Pierre,0.0,214,17,0,0,0,False,0.0,517,198,556,False,0.0,517,198,0,,None,45,435,238,p458297,0,0,None,0,,458297.jpg,0.0,520,199,0,73,False,0,0,Ekwah Elimby,0.1,556,212,False,None,0,0,a,17,56,2023-01-23,0.0,493,190,0,0,0,0,0,0.0,0.0,Ekwah,0
0,2004-12-25,0,0,True,True,None,None,0,0,547410,None,,0,0,0,0,0.0,549,225,0,None,,0,3,0.5,None,0,0.00,0,0.00,0,0.00,0.00,0,0,Harrison,0.0,270,49,0,0,0,False,0.0,553,225,557,False,0.0,553,225,0,,None,45,491,270,p547410,0,0,None,0,,547410.jpg,0.0,555,226,0,241,False,0,0,Jones,0.1,548,204,False,None,0,0,a,17,56,2024-01-01,0.0,532,218,0,0,0,0,0,0.0,0.0,H.Jones,0
0,2001-02-11,0,0,True,True,None,None,0,0,493837,None,,0,0,0,0,0.0,527,209,0,None,,0,3,0.5,None,0,0.00,0,0.00,0,0.00,0.00,0,0,Jay,0.0,239,30,0,0,0,False,0.0,531,209,558,False,0.0,531,209,0,,None,45,460,251,p493837,0,0,None,0,,493837.jpg,0.0,534,210,0,241,False,0,0,Matete,0.2,417,134,False,None,0,0,a,17,56,2022-01-31,0.0,508,201,0,0,0,0,0,0.0,0.0,Matete,0
0,2003-05-11,0,0,True,True,None,None,0,0,500696,None,,0,0,0,0,0.0,533,214,0,None,,0,3,0.5,None,0,0.00,0,0.00,0,0.00,0.00,0,0,Nectarios,0.0,247,35,0,0,0,False,0.0,538,214,559,False,0.0,538,214,0,,None,45,468,256,p500696,0,0,None,0,,500696.jpg,0.0,540,215,0,13,False,0,0,Triantis,0.1,525,190,False,None,0,0,a,17,56,2023-07-01,0.0,515,206,0,0,0,0,0,0.0,0.0,Triantis,0
0,2000-08-27,0,0,True,True,None,None,0,0,437505,None,,0,0,0,0,0.0,643,64,0,None,,0,4,1.3,None,0,0.00,0,0.00,0,0.00,0.00,0,0,Wilson,0.0,511,38,0,0,0,False,0.0,643,64,560,False,0.0,643,64,0,,None,55,164,33,p437505,0,0,2,0,,437505.jpg,0.0,643,64,0,73,False,0,0,Isidor,0.5,264,48,False,None,0,0,a,17,56,2025-02-01,0.0,640,64,0,0,0,0,0,0.0,0.0,Isidor,0
0,2005-05-08,0,0,True,True,None,None,0,0,564406,None,,0,0,0,0,0.0,653,65,0,None,,0,4,1.3,None,0,0.00,0,0.00,0,0.00,0.00,0,0,Eliezer,0.0,547,42,0,0,0,False,0.0,653,65,561,False,0.0,653,65,0,,None,55,200,37,p564406,0,0,None,0,,564406.jpg,0.0,653,65,0,200,False,0,0,Mayenda Dossou,0.7,217,44,False,None,0,0,a,17,56,2023-07-28,0.0,651,65,0,0,0,0,0,0.0,0.0,Mayenda,0
0,2004-06-19,0,0,True,True,None,None,0,0,611975,None,,0,0,0,0,0.0,581,53,0,None,,0,4,0.5,None,0,0.00,0,0.00,0,0.00,0.00,0,0,Ahmed,0.0,314,21,0,0,0,False,0.0,585,53,562,False,0.0,585,53,0,,None,45,535,69,p611975,0,0,None,0,,611975.jpg,0.0,586,53,0,157,False,0,0,Abdullahi,1.4,159,29,False,None,0,0,a,17,56,2024-08-31,0.0,566,53,0,0,0,0,0,0.0,0.0,Abdullahi,0
0,2003-08-11,0,0,True,True,None,None,0,0,551153,None,,0,0,0,0,0.0,554,43,0,None,,0,4,0.5,None,0,0.00,0,0.00,0,0.00,0.00,0,0,Luís Hemir,0.0,277,10,0,0,0,False,0.0,558,43,563,False,0.0,558,43,0,,None,45,498,58,p551153,0,0,None,0,,551153.jpg,0.0,560,44,0,173,False,0,0,Silva Semedo,0.4,312,54,False,None,0,0,a,17,56,2023-07-01,0.0,537,43,0,0,0,0,0,0.0,0.0,Luís Hemir,0
0,1998-10-25,0,0,True,True,None,None,0,0,440955,None,,0,0,0,0,0.0,504,39,0,None,,0,4,0.5,None,0,0.00,0,0.00,0,0.00,0.00,0,0,Nazarii,0.0,202,3,0,0,0,False,0.0,508,38,564,False,0.0,508,38,0,,None,45,423,51,p440955,0,0,None,0,,440955.jpg,0.0,511,40,0,225,False,0,0,Rusyn,0.4,294,53,False,None,0,0,a,17,56,2023-09-01,0.0,484,38,0,0,0,0,0,0.0,0.0,Rusyn,0
0,1996-10-07,2,293,True,True,None,None,4,0.17,184254,None,,0,0,0,0,0.0,593,72,0,None,,0,1,3.6,None,0,0.00,0.0,0.00,0.0,0.00,33.60,1.4,0.0,Guglielmo,0.0,351,66,37,1.54,0,False,58.5,223,16,565,False,587.8,93,15,2160,,None,50,238,11,p184254,0,0,None,0,,184254.jpg,2.8,157,23,0,106,False,68,2.83,Vicario,3.5,90,17,False,None,24,1.0,a,18,6,2023-07-01,0.0,582,66,66,0,0,0,0,0.0,13.2,Vicario,1
0,1999-01-08,0,7,True,True,None,None,0,0.0,214572,None,,0,0,0,0,0.0,399,34,0,None,,0,1,1.5,None,0,0.00,0.0,0.00,0.0,0.00,2.53,2.53,0.0,Brandon,0.0,27,17,2,2.0,0,False,2.0,367,29,566,False,20.0,353,29,90,,None,40,567,48,p214572,0,0,None,0,,214572.jpg,1.0,339,29,0,241,False,2,2.0,Austin,0.3,334,45,False,None,1,1.0,a,18,6,2017-07-22,0.0,366,19,1,0,0,0,0,0.0,0.2,Austin,0
0,2003-03-13,0,86,True,True,None,None,1,0.17,485055,None,,0,0,0,0,10.1,345,13,0,None,,0,1,1.5,None,0,0.01,0.0,0.01,0.0,0.00,11.80,1.97,0.0,Antonín,0.0,68,32,11,1.83,0,False,21.7,303,20,567,False,208.2,244,20,540,,None,40,608,63,p485055,0,0,None,0,,485055.jpg,2.8,149,22,0,57,False,24,4.0,Kinský,6.3,63,10,False,None,6,1.0,a,18,6,2025-01-05,0.0,405,34,17,0,0,0,0,0.0,4.2,Kinsky,0
6,1999-09-13,6,456,True,True,None,None,6,0.21,441164,2,,0,0,0,0,932.9,10,1,0,2,,0,2,3.8,None,0,4.71,0.16,6.34,0.22,1.63,49.37,1.71,0.06,Pedro,0.0,514,203,47,1.62,2,False,191.2,40,2,568,False,778.4,31,12,2606,,None,55,167,22,p441164,0,0,None,0,,441164.jpg,3.0,135,37,0,200,False,0,0.0,Porro Sauceda,9.7,44,17,False,None,28,0.97,a,18,6,2023-07-01,200.0,152,27,98,0,0,0,0,0.0,17.8,Pedro Porro,5
1,1998-04-27,3,245,True,True,None,None,3,0.19,221632,None,,0,0,0,0,113.1,226,68,0,None,,0,2,3.1,None,0,0.81,0.05,2.33,0.15,1.52,19.31,1.23,0.1,Cristian,0.0,376,174,22,1.4,1,False,69.0,199,62,569,False,343.2,185,67,1416,,None,50,263,44,p221632,0,0,None,0,,221632.jpg,2.7,168,54,0,10,False,0,0.0,Romero,1.4,153,52,False,None,18,1.14,a,18,6,2022-08-30,232.0,129,20,49,0,0,0,0,0.0,9.8,Romero,3
0,1998-09-19,0,104,True,True,None,None,1,0.11,135720,None,,0,0,0,0,34.4,299,112,0,None,,0,2,2.4,None,0,0.12,0.01,0.52,0.05,0.40,17.19,1.84,0.04,Kevin,0.0,147,97,18,1.92,0,False,34.9,271,94,570,False,242.0,226,83,842,,None,45,368,77,p135720,0,0,None,0,,135720.jpg,1.6,289,102,0,14,False,0,0.0,Danso,0.2,473,188,False,None,9,0.96,a,18,6,2025-07-01,72.0,244,82,16,0,0,0,0,0.0,3.6,Danso,0
0,1993-04-24,0,154,True,True,None,None,3,0.2,115556,None,,0,0,0,0,42.1,289,106,0,None,,0,2,2.4,None,0,0.50,0.03,0.77,0.05,0.27,25.79,1.75,0.02,Ben,0.0,146,96,26,1.76,0,False,43.7,252,82,571,False,343.6,184,66,1329,,None,45,367,76,p115556,0,0,None,0,,115556.jpg,1.6,288,101,0,244,False,0,0.0,Davies,0.1,537,204,False,None,14,0.95,a,18,6,2014-07-23,49.0,266,95,28,0,0,0,0,0.0,6.2,Davies,5
0,2002-02-03,0,96,True,True,0,None,2,0.14,493125,None,,0,0,0,0,58.1,267,93,0,None,,0,2,0.0,None,0,0.16,0.01,0.29,0.02,0.13,28.59,2.06,0.01,Radu,0.0,238,148,29,2.09,0,False,36.2,268,92,572,False,256.4,220,79,1250,Knee injury - Unknown return date,2025-07-21T10:00:05.088977Z,45,459,128,p493125,0,0,None,0,,493125.jpg,1.5,301,107,0,177,False,0,0.0,Drăgușin,0.0,661,221,False,None,14,1.01,i,18,6,2024-01-11,47.0,267,96,24,0,0,0,0,0.0,5.3,Dragusin,1
2,2000-08-09,6,216,True,True,None,None,3,0.15,232859,None,,0,0,0,0,226.6,157,32,0,None,,0,2,2.4,None,0,1.41,0.07,1.99,0.1,0.58,34.79,1.75,0.03,Djed,0.0,188,127,39,1.96,1,False,76.1,180,53,573,False,433.0,146,49,1790,,None,45,409,107,p232859,1,0,None,0,,232859.jpg,2.0,241,84,1,241,False,0,0.0,Spence,0.4,277,97,False,None,19,0.96,a,18,6,2022-07-19,100.0,220,70,51,0,0,0,0,0.0,11.3,Spence,2
1,2002-11-28,0,233,True,True,None,None,2,0.09,487053,None,,0,0,0,0,256.5,143,29,0,None,,0,2,2.4,None,0,1.22,0.06,1.53,0.07,0.31,33.28,1.56,0.01,Destiny,0.0,225,144,35,1.64,0,False,74.5,186,55,574,False,354.8,178,62,1923,,None,45,446,124,p487053,1,0,None,0,,487053.jpg,1.7,282,100,0,106,False,0,0.0,Udogie,11.1,40,15,False,None,24,1.12,a,18,6,2022-08-16,132.0,194,54,43,0,0,0,0,0.0,9.6,Udogie,2
2,2001-04-19,2,139,True,True,None,None,2,0.18,491279,None,,0,0,0,0,39.4,292,107,0,None,,0,2,2.4,None,0,0.70,0.06,1.24,0.11,0.54,13.28,1.18,0.05,Micky,0.0,235,147,17,1.51,0,False,30.9,282,100,575,False,212.0,242,87,1014,,None,45,456,127,p491279,0,0,None,0,,491279.jpg,2.5,181,61,0,152,False,0,0.0,van de Ven,13.1,33,13,False,None,12,1.07,a,18,6,2023-08-08,57.0,256,89,32,0,0,0,0,0.0,7.1,Van de Ven,4
0,2005-06-26,0,0,False,True,0,None,0,0,548308,None,,0,0,0,0,0.0,456,183,0,None,,0,2,0.0,None,0,0.00,0,0.00,0,0.00,0.00,0,0,Ashley,0.0,95,57,0,0,0,False,0.0,465,184,576,False,0.0,465,184,0,Has joined Stoke City on loan for the rest of the season.,2025-07-25T14:55:41.438809Z,40,635,198,p548308,0,0,None,0,,548308.jpg,0.0,468,184,0,241,False,0,0,Phillips,0.6,241,83,False,None,0,0,u,18,6,2023-08-05,0.0,430,179,0,0,0,0,0,0.0,0.0,Phillips,0
0,2004-09-04,0,0,True,True,None,None,0,0,553299,None,,0,0,0,0,0.0,461,186,0,None,,0,2,1.5,None,0,0.00,0,0.00,0,0.00,0.00,0,0,Takai,0.0,100,60,0,0,0,False,0.0,470,187,577,False,0.0,470,187,0,,None,40,640,201,p553299,0,0,None,0,,553299.jpg,0.0,473,187,0,108,False,0,0,Kōta,0.4,301,111,False,None,0,0,a,18,6,2025-07-08,0.0,435,182,0,0,0,0,0,0.0,0.0,Takai,0
0,2007-02-24,0,0,True,True,None,None,0,0,610799,None,,0,0,0,0,0.0,472,194,0,None,,0,2,1.5,None,0,0.00,0,0.00,0,0.00,0.00,0,0,Luka,0.0,118,75,0,0,0,False,0.0,481,195,578,False,0.0,481,195,0,,None,40,658,216,p610799,0,0,None,0,,610799.jpg,0.0,484,195,0,97,False,0,0,Vušković,3.4,95,31,False,None,0,0,a,18,6,2025-06-01,0.0,449,193,0,0,0,0,0,0.0,0.0,Vuskovic,0
10,1992-07-08,12,543,True,True,None,None,4,0.17,85971,1,,0,0,0,0,734.9,28,26,0,3,,0,3,3.2,None,0,4.97,0.21,12.22,0.52,7.25,37.99,1.62,0.31,Son,0.0,653,293,35,1.5,7,False,207.2,25,20,579,False,629.6,71,28,2106,,None,85,8,5,p85971,0,1,1,0,,85971.jpg,4.3,30,18,0,114,False,0,0.0,Heung-min,3.1,100,32,False,None,24,1.03,a,18,6,2015-08-28,707.0,34,20,129,0,0,0,0,0.0,15.2,Son,1
6,2001-05-23,13,461,True,True,None,None,2,0.08,242898,None,,0,0,0,0,295.0,124,87,0,None,,0,3,2.8,None,0,1.99,0.08,12.74,0.53,10.75,38.88,1.61,0.45,Brennan,0.0,627,275,38,1.58,11,False,161.0,61,44,580,False,559.6,104,42,2171,,None,70,32,21,p242898,0,0,None,0,,242898.jpg,4.2,34,19,0,244,False,0,0.0,Johnson,3.4,92,28,False,None,24,0.99,a,18,6,2023-09-01,761.0,28,16,137,0,0,0,0,0.0,19.6,Johnson,5
8,1996-11-23,15,592,True,True,None,None,6,0.3,172780,4,,0,0,0,0,702.3,33,30,0,1,,0,3,2.8,None,0,5.92,0.3,11.46,0.58,5.54,32.39,1.62,0.28,James,0.0,624,272,32,1.6,9,False,187.8,43,33,581,False,683.4,55,19,1799,,None,70,29,18,p172780,0,0,None,0,,172780.jpg,4.3,29,17,0,241,False,0,0.0,Maddison,3.4,91,27,False,None,21,1.05,a,18,6,2023-06-28,495.0,61,41,133,0,0,0,0,0.0,19.0,Maddison,6
4,2000-08-02,5,373,True,True,None,None,7,0.24,460842,None,,0,0,0,0,552.5,60,49,0,None,,0,3,2.7,None,0,2.67,0.09,9.64,0.33,6.97,43.46,1.51,0.24,Mohammed,0.0,613,264,46,1.6,5,False,177.5,54,39,582,False,471.6,132,55,2589,,None,65,66,48,p460842,0,0,None,0,,460842.jpg,3.3,115,56,1,81,False,0,0.0,Kudus,27.9,9,4,False,None,31,1.08,a,18,6,2025-07-10,752.0,30,18,106,0,0,0,0,0.0,16.3,Kudus,2
4,2000-04-25,9,426,True,True,0,None,6,0.23,445044,None,,0,0,0,0,843.8,15,14,0,None,,0,3,0.0,None,0,4.03,0.15,8.09,0.3,4.06,42.39,1.6,0.15,Dejan,0.0,609,261,41,1.55,7,False,218.7,17,12,583,False,613.6,82,32,2386,Knee injury - Unknown return date,2025-07-21T10:00:05.109205Z,65,62,45,p445044,0,0,None,0,,445044.jpg,3.7,71,34,0,206,False,0,0.0,Kulusevski,0.0,651,293,False,None,27,1.02,i,18,6,2023-07-01,733.0,31,19,117,0,0,0,0,0.0,18.0,Kulusevski,3
2,2005-04-27,2,151,True,True,None,None,2,0.2,511499,5,,0,0,0,0,208.3,169,116,0,4,,0,3,2.7,None,0,1.55,0.15,4.51,0.44,2.96,17.39,1.72,0.29,Mathys,0.0,620,269,20,1.98,2,False,62.3,215,114,584,False,183.8,263,122,908,,None,65,73,53,p511499,0,0,4,0,,511499.jpg,3.2,122,58,0,73,False,0,0.0,Tel,0.2,447,144,False,None,11,1.09,a,18,6,2025-07-01,236.0,127,84,42,0,0,0,0,0.0,6.5,Tel,2
0,1997-06-25,1,293,True,True,None,None,3,0.16,202993,None,,0,0,0,0,208.5,168,115,0,None,,0,3,2.5,None,0,1.02,0.06,2.38,0.13,1.36,26.87,1.47,0.07,Rodrigo,0.0,484,182,26,1.43,2,False,70.2,195,103,585,False,324.6,196,92,1640,,None,55,137,91,p202993,0,0,None,0,,202993.jpg,1.9,264,120,0,230,False,0,0.0,Bentancur,0.1,513,182,False,None,21,1.15,a,18,6,2022-01-31,165.0,173,107,49,0,0,0,0,0.0,8.9,Bentancur,9
2,2006-02-02,0,216,True,True,None,None,3,0.23,570526,None,,0,0,0,0,218.7,159,111,0,None,,0,3,2.5,None,0,0.82,0.06,1.53,0.11,0.71,24.33,1.82,0.05,Lucas,0.0,548,222,25,1.88,0,False,55.0,227,121,586,False,237.2,227,108,1200,,None,55,201,131,p570526,0,0,None,0,,570526.jpg,1.6,298,139,0,206,False,0,0.0,Bergvall,0.2,408,127,False,None,11,0.82,a,18,6,2024-07-01,97.0,224,123,44,0,0,0,0,0.0,8.0,Bergvall,3
0,1996-08-30,4,258,True,True,None,None,3,0.19,227127,None,,0,0,0,0,133.8,212,130,0,None,,0,3,2.5,None,0,0.48,0.03,1.12,0.07,0.64,26.38,1.7,0.04,Yves,0.0,496,189,28,1.81,2,False,48.0,242,126,587,False,283.8,207,98,1396,,None,55,149,98,p227127,0,0,None,0,,227127.jpg,1.8,274,125,0,132,False,0,0.0,Bissouma,0.1,495,170,False,None,16,1.03,a,18,6,2022-06-17,59.0,254,139,50,0,0,0,0,0.0,9.1,Bissouma,7
0,2004-11-28,3,92,True,True,None,None,1,0.11,550839,None,,0,0,0,0,108.6,231,136,0,None,,0,3,2.5,None,0,0.76,0.08,2.39,0.25,1.63,16.29,1.74,0.17,Wilson,0.0,546,221,20,2.14,1,False,36.7,265,134,588,False,101.2,308,147,843,,None,55,199,130,p550839,0,0,None,0,,550839.jpg,2.1,239,108,0,73,False,0,0.0,Odobert,0.1,629,273,False,None,9,0.96,a,18,6,2024-08-16,156.0,181,108,34,0,0,0,0,0.0,6.2,Odobert,0
0,1999-07-24,0,0,True,True,None,None,0,0,235674,None,,0,0,0,0,0.0,638,284,0,None,,0,3,2.5,None,0,0.00,0,0.00,0,0.00,0.00,0,0,Manor,0.0,501,193,0,0,0,False,0.0,638,284,589,False,0.0,638,284,0,,None,55,154,102,p235674,0,0,None,0,,235674.jpg,0.0,638,284,0,105,False,0,0,Solomon,0.1,578,229,False,None,0,0,a,18,6,2023-07-11,0.0,635,281,0,0,0,0,0,0.0,0.0,Solomon,0
0,2001-02-11,0,0,True,True,None,None,0,0,436234,None,,0,0,0,0,0.0,606,258,0,None,,0,3,2.0,None,0,0.00,0,0.00,0,0.00,0.00,0,0,Bryan,0.0,399,124,0,0,0,False,0.0,609,259,590,False,0.0,609,259,0,,None,50,286,179,p436234,0,0,None,0,,436234.jpg,0.0,609,259,0,200,False,0,0,Gil Salvatierra,0.1,585,235,False,None,0,0,a,18,6,2021-07-26,0.0,598,254,0,0,0,0,0,0.0,0.0,Bryan,0
0,2006-03-12,0,253,True,True,None,None,2,0.1,547701,None,,0,0,0,0,71.4,259,146,0,None,,0,3,2.0,None,0,0.19,0.01,0.22,0.01,0.03,37.33,1.92,0.0,Archie,0.0,441,153,41,2.11,0,False,34.3,273,136,591,False,254.6,221,106,1750,,None,50,328,208,p547701,1,0,None,0,,547701.jpg,1.6,296,138,0,241,False,0,0.0,Gray,0.2,395,120,False,None,19,0.98,a,18,6,2024-07-02,15.0,312,163,45,0,0,0,0,0.0,9.0,Gray,1
2,2007-08-11,0,51,True,True,None,None,0,0.0,499721,None,,0,0,0,0,45.2,284,154,0,None,,0,3,2.0,None,0,0.56,0.14,0.76,0.19,0.20,6.87,1.72,0.05,Mikey,0.0,431,144,5,1.25,0,False,11.0,326,156,592,False,33.2,343,159,359,,None,50,318,199,p499721,0,0,None,0,,499721.jpg,1.9,261,118,0,241,False,0,0.0,Moore,0.1,561,215,False,None,3,0.75,a,18,6,2024-05-01,34.0,278,148,19,0,0,0,0,0.0,3.8,Moore,0
2,2002-09-14,4,365,True,True,None,None,2,0.09,482442,None,,0,0,0,0,257.2,142,99,0,None,,0,3,2.0,None,0,0.78,0.04,4.50,0.22,3.72,36.38,1.72,0.18,Pape Matar,0.0,419,136,38,1.8,3,False,87.2,152,87,593,False,398.4,156,71,1901,,None,50,306,191,p482442,0,0,None,0,,482442.jpg,2.0,249,112,0,189,False,0,0.0,Sarr,0.7,224,73,False,None,22,1.04,a,18,6,2021-08-27,220.0,136,89,71,0,0,0,0,0.0,14.2,P.M.Sarr,6
0,2006-04-16,0,0,True,True,None,None,0,0,623095,None,,0,0,0,0,0.0,584,245,0,None,,0,3,1.5,None,0,0.00,0,0.00,0,0.00,0.00,0,0,Yang,0.0,317,77,0,0,0,False,0.0,588,245,594,False,0.0,588,245,0,,None,45,538,298,p623095,0,0,None,0,,623095.jpg,0.0,589,246,0,114,False,0,0,Min-hyeok,0.2,458,150,False,None,0,0,a,18,6,2025-01-01,0.0,569,240,0,0,0,0,0,0.0,0.0,Min-hyeok,0
0,None,0,0,True,True,None,None,0,0,499726,None,,0,0,0,0,0.0,532,213,0,None,,0,3,1.5,None,0,0.00,0,0.00,0,0.00,0.00,0,0,Callum,0.0,245,34,0,0,0,False,0.0,536,213,595,False,0.0,536,213,0,,None,45,466,255,p499726,0,0,None,0,,499726.jpg,0.0,539,214,0,None,False,0,0,Olusesi,0.2,470,160,False,None,0,0,a,18,6,None,0.0,513,205,0,0,0,0,0,0.0,0.0,Olusesi,0
5,1997-09-14,7,404,True,True,None,None,4,0.16,154566,None,,0,0,0,0,199.8,175,18,0,None,,0,4,2.9,None,0,1.13,0.05,12.02,0.5,10.89,40.14,1.64,0.45,Dominic,0.0,638,60,43,1.76,9,False,142.1,80,16,596,False,505.8,123,14,2199,,None,75,19,7,p154566,1,0,2,0,,154566.jpg,4.0,47,14,0,241,False,0,0.0,Solanke-Mitchell,18.1,20,5,False,None,25,1.02,a,18,6,2024-08-10,729.0,32,13,108,0,0,0,0,0.0,14.4,Solanke,0
1,1997-05-10,0,138,True,True,None,None,1,0.18,212319,None,,0,0,0,0,57.1,270,26,0,None,,0,4,2.7,None,0,0.60,0.11,4.31,0.78,3.71,7.29,1.32,0.67,Richarlison,0.0,600,52,9,1.63,4,False,47.4,244,25,597,False,180.8,266,24,497,,None,65,53,16,p212319,0,0,3,0,,212319.jpg,2.3,214,22,0,30,False,0,0.0,de Andrade,0.9,193,37,False,None,4,0.72,a,18,6,2022-07-01,243.0,122,24,35,0,0,0,0,0.0,5.4,Richarlison,2
0,2005-04-20,0,7,True,True,None,None,0,0.0,552427,None,,0,0,0,0,0.0,556,44,0,None,,0,4,1.5,None,0,0.00,0.0,0.00,0.0,0.00,0.02,0.18,0.0,Will,0.0,279,11,0,0.0,0,False,0.0,560,44,598,False,0.0,560,44,10,,None,45,500,59,p552427,0,0,None,0,,552427.jpg,1.0,359,35,0,241,False,0,0.0,Lankshear,0.5,270,50,False,None,0,0.0,a,18,6,2022-12-08,0.0,539,44,3,0,0,0,0,0.0,0.7,Lankshear,0
1,2004-03-24,0,20,True,True,None,None,0,0.0,490145,None,,0,0,0,0,11.0,339,33,0,None,,0,4,1.5,None,0,0.00,0.0,0.04,0.12,0.04,0.83,2.41,0.12,Dane,0.0,230,4,1,2.9,0,False,5.2,354,33,599,False,24.4,348,30,31,,None,45,451,52,p490145,0,0,None,0,,490145.jpg,2.0,245,24,0,241,False,0,0.0,Scarlett,0.9,195,38,False,None,0,0.0,a,18,6,2020-08-21,17.0,308,33,6,0,0,0,0,0.0,1.3,Scarlett,0
0,1993-02-27,1,261,True,True,None,None,4,0.16,84182,None,,0,0,0,0,0.0,481,62,0,None,,0,1,2.8,None,0,0.00,0.0,0.00,0.0,0.00,37.78,1.51,0.0,Alphonse,0.0,132,47,41,1.63,0,False,62.1,216,14,600,False,619.8,79,13,2259,,None,45,353,19,p84182,1,0,None,0,,84182.jpg,2.7,165,24,0,73,False,82,3.27,Areola,6.3,64,11,False,None,25,1.0,a,19,21,2022-07-01,0.0,458,49,69,0,0,0,0,0.0,15.3,Areola,0
0,1991-01-14,0,0,True,True,None,None,0,0,82143,None,,0,0,0,0,0.0,385,25,0,None,,0,1,1.5,None,0,0.00,0,0.00,0,0.00,0.00,0,0,Wes,0.0,9,8,0,0,0,False,0.0,396,35,601,False,0.0,396,35,0,,None,40,549,39,p82143,0,0,None,0,,82143.jpg,0.0,400,36,0,241,False,0,0,Foderingham,1.1,181,26,False,None,0,0,a,19,21,2024-07-01,0.0,351,10,0,0,0,0,0,0.0,0.0,Foderingham,0
0,2002-09-24,0,0,True,True,None,None,0,0,483364,None,,0,0,0,0,0.0,435,48,0,None,,0,1,1.5,None,0,0.00,0,0.00,0,0.00,0.00,0,0,Krisztián,0.0,67,31,0,0,0,False,0.0,445,57,602,False,0.0,445,57,0,,None,40,607,62,p483364,0,0,None,0,,483364.jpg,0.0,448,57,0,98,False,0,0,Hegyi,0.5,266,36,False,None,0,0,a,19,21,2022-08-24,0.0,404,33,0,0,0,0,0,0.0,0.0,Hegyi,0
0,2004-12-28,0,0,True,True,None,None,0,0,613804,None,,0,0,0,0,0.0,582,216,0,None,,0,2,2.4,None,0,0.00,0,0.00,0,0.00,0.00,0,0,El Hadji Malick,0.0,315,160,0,0,0,False,0.0,586,217,603,False,0.0,586,217,0,,None,45,536,140,p613804,0,0,None,0,,613804.jpg,0.0,587,217,0,189,False,0,0,Diouf,0.7,215,75,False,None,0,0,a,19,21,2025-07-15,0.0,567,216,0,0,0,0,0,0.0,0.0,Diouf,0
1,1994-08-03,4,219,True,True,None,None,5,0.21,109533,3,,0,0,0,0,310.9,118,22,0,3,,0,2,2.4,None,0,2.19,0.09,4.14,0.17,1.95,37.51,1.6,0.08,Emerson,0.0,140,91,41,1.75,2,False,90.4,145,41,604,False,420.4,149,52,2108,,None,45,361,71,p109533,0,0,None,0,,109533.jpg,2.5,180,60,0,106,False,0,0.0,Palmieri dos Santos,0.2,396,164,False,None,26,1.11,a,19,21,2022-08-23,173.0,168,36,76,0,0,0,0,0.0,16.9,Emerson,5
1,1997-05-23,5,395,True,True,None,None,6,0.16,214048,None,,0,0,0,0,203.3,173,38,0,None,,0,2,2.4,None,0,1.19,0.03,2.74,0.07,1.55,59.71,1.61,0.04,Maximilian,0.0,169,113,62,1.67,0,False,118.8,106,22,605,False,832.6,23,7,3348,,None,45,390,93,p214048,0,0,None,0,,214048.jpg,2.2,216,76,0,241,False,0,0.0,Kilman,0.4,321,122,False,None,38,1.02,a,19,21,2024-07-05,149.0,184,49,82,0,0,0,0,0.0,18.2,Kilman,5
0,1997-12-11,4,234,True,True,None,None,2,0.09,233963,None,,0,0,0,0,74.9,255,89,0,None,,0,2,2.4,None,0,0.39,0.02,2.00,0.09,1.61,37.11,1.64,0.07,Konstantinos,0.0,190,129,39,1.72,0,False,73.2,189,58,606,False,497.0,126,44,2035,,None,45,411,109,p233963,0,0,None,0,,233963.jpg,1.4,311,112,1,83,False,0,0.0,Mavropanos,0.1,564,208,False,None,21,0.93,a,19,21,2023-08-22,160.0,176,43,45,0,0,0,0,0.0,10.0,Mavropanos,4
0,1996-03-30,0,0,True,True,None,None,0,0,210494,None,,0,0,0,0,0.0,491,204,0,None,,0,2,2.4,None,0,0.00,0,0.00,0,0.00,0.00,0,0,Nayef,0.0,168,112,0,0,0,False,0.0,496,205,607,False,0.0,496,205,0,,None,45,389,92,p210494,0,0,None,0,,210494.jpg,0.0,499,205,0,145,False,0,0,Aguerd,0.1,505,194,False,None,0,0,a,19,21,2022-06-21,0.0,470,203,0,0,0,0,0,0.0,0.0,N.Aguerd,0
0,2005-12-12,2,98,True,True,None,None,2,0.27,536109,None,,0,0,0,0,54.3,274,98,0,None,,0,2,2.4,None,0,0.18,0.02,0.29,0.04,0.11,10.12,1.38,0.02,Ollie,0.0,264,153,9,1.23,0,False,18.6,307,110,608,False,106.4,301,108,659,,None,45,485,133,p536109,0,0,None,0,,536109.jpg,1.9,256,91,0,241,False,0,0.0,Scarles,0.1,596,213,False,None,7,0.96,a,19,21,2022-10-01,24.0,297,109,29,0,0,0,0,0.0,6.4,Scarles,1
0,1999-12-30,1,233,True,True,None,None,5,0.25,462116,None,,0,0,0,0,37.1,297,110,0,None,,0,2,2.4,None,0,0.06,0.0,0.42,0.02,0.36,29.86,1.47,0.02,Jean-Clair,0.0,216,139,33,1.63,0,False,44.5,249,80,609,False,373.0,169,58,1824,,None,45,437,119,p462116,0,0,None,0,,462116.jpg,2.0,244,87,0,73,False,0,0.0,Todibo,0.2,460,186,False,None,20,0.99,a,19,21,2025-07-01,35.0,277,99,54,0,0,0,0,0.0,12.0,Todibo,3
6,1997-11-26,15,496,True,True,None,None,6,0.17,214590,None,,0,0,0,0,531.5,62,10,0,None,,0,2,2.4,None,0,2.75,0.08,3.93,0.11,1.18,56.95,1.63,0.03,Aaron,0.0,170,114,59,1.68,2,False,152.7,69,7,610,False,807.4,26,10,3154,,None,45,391,94,p214590,1,0,None,0,,214590.jpg,3.3,107,23,0,241,False,0,0.0,Wan-Bissaka,30.6,7,1,False,None,35,1.0,a,19,21,2024-08-13,188.0,160,30,118,0,0,0,0,0.0,26.2,Wan-Bissaka,1
0,2004-10-28,0,3,True,True,None,None,0,0.0,518438,None,,0,0,0,0,0.0,448,176,0,None,,0,2,1.5,None,0,0.00,0.0,0.00,0.0,0.00,0.09,8.1,0.0,Kaelan,0.0,86,49,0,0.0,0,False,0.2,388,141,611,False,2.0,386,141,1,,None,40,626,190,p518438,0,0,None,0,,518438.jpg,1.0,345,125,0,241,False,0,0.0,Casey,0.9,199,67,False,None,0,0.0,a,19,21,2022-11-01,0.0,422,172,1,0,0,0,0,0.0,0.2,Casey,0
1,1997-08-27,5,375,True,True,None,None,4,0.15,224024,None,,0,0,0,0,627.7,46,39,0,1,,0,3,2.6,None,0,3.36,0.13,8.72,0.33,5.36,43.32,1.64,0.2,Lucas,0.0,572,238,50,1.9,4,False,132.6,90,61,612,False,433.2,145,65,2374,,None,60,94,68,p224024,0,0,1,0,,224024.jpg,2.4,201,89,0,30,False,0,0.0,Tolentino Coelho de Lima,0.6,231,74,False,None,27,1.02,a,19,21,2022-08-29,267.0,110,75,80,0,0,0,0,0.0,13.3,L.Paquetá,10
2,1995-02-27,15,442,True,True,None,None,7,0.25,215439,None,,0,0,0,0,231.8,155,108,0,None,,0,3,2.6,None,0,1.27,0.04,7.87,0.27,6.60,44.29,1.56,0.23,Tomáš,0.0,570,237,44,1.55,9,False,154.0,68,48,613,False,672.6,58,22,2563,,None,60,92,67,p215439,0,0,None,0,,215439.jpg,3.6,78,38,0,57,False,0,0.0,Souček,0.8,208,69,False,None,30,1.05,a,19,21,2020-07-28,643.0,45,28,126,0,0,0,0,0.0,21.0,Souček,8
2,1994-11-01,2,293,True,True,None,None,5,0.31,101178,2,,0,0,0,0,378.3,96,72,0,2,,0,3,2.6,None,0,2.68,0.17,4.27,0.27,1.59,19.29,1.21,0.1,James,0.0,557,226,18,1.13,1,False,80.0,170,92,614,False,282.4,208,99,1433,,None,60,79,56,p101178,0,0,3,0,,101178.jpg,2.1,240,109,1,241,False,0,0.0,Ward-Prowse,0.3,328,105,False,None,17,1.07,a,19,21,2023-08-14,138.0,189,112,51,0,0,0,0,0.0,8.5,Ward-Prowse,2
1,2001-10-30,2,129,True,True,0,None,2,0.23,450070,None,,0,0,0,0,246.1,151,105,0,None,,0,3,0.0,None,0,1.71,0.2,3.32,0.39,1.61,17.58,2.04,0.19,Crysencio,0.0,520,204,20,2.32,1,False,58.7,222,119,615,False,156.4,275,129,776,Hamstring injury - Unknown return date,2025-07-21T10:00:05.129084Z,55,173,113,p450070,0,0,None,0,,450070.jpg,1.7,286,132,0,152,False,0,0.0,Summerville,0.0,650,292,False,None,7,0.81,i,19,21,2024-08-03,186.0,162,106,33,0,0,0,0,0.0,6.0,Summerville,2
1,1997-10-24,0,221,True,True,None,None,3,0.15,213999,None,,0,0,0,0,213.9,162,112,0,None,,0,3,2.0,None,0,0.89,0.05,1.28,0.07,0.39,30.15,1.53,0.02,Edson,0.0,368,108,31,1.58,0,False,54.7,229,123,616,False,281.8,209,100,1769,,None,50,255,163,p213999,0,0,None,0,,213999.jpg,1.4,318,149,1,139,False,0,0.0,Álvarez Velázquez,0.2,437,139,False,None,20,1.02,a,19,21,2023-08-10,51.0,263,141,40,0,0,0,0,0.0,8.0,Álvarez,7
0,1996-09-27,0,12,True,True,None,None,0,0.0,149519,None,,0,0,0,0,3.5,355,175,0,None,,0,3,2.0,None,0,0.00,0.0,0.16,0.2,0.16,1.79,2.27,0.2,Maxwel,0.0,334,85,4,5.07,0,False,2.2,365,173,617,False,11.6,362,169,71,,None,50,221,140,p149519,0,0,None,0,,149519.jpg,0.5,394,185,0,54,False,0,0.0,Cornet,0.1,573,224,False,None,1,1.27,a,19,21,2022-08-07,7.0,327,169,1,0,0,0,0,0.0,0.2,Cornet,1
1,1994-04-12,0,193,True,True,None,None,4,0.31,197024,None,,0,0,0,0,79.7,251,140,0,None,,0,3,2.0,None,0,0.17,0.01,0.39,0.03,0.22,20.67,1.62,0.02,Guido,0.0,352,96,19,1.49,0,False,31.5,281,140,618,False,205.4,247,118,1147,,None,50,239,151,p197024,0,0,None,0,,197024.jpg,1.6,292,134,0,10,False,0,0.0,Rodríguez,0.1,576,227,False,None,16,1.26,a,19,21,2024-08-06,29.0,293,156,36,0,0,0,0,0.0,7.2,G.Rodriguez,6
0,2006-02-09,0,47,True,True,None,None,0,0.0,577114,None,,0,0,0,0,49.1,280,151,0,None,,0,3,2.0,None,0,0.13,0.08,0.55,0.35,0.42,2.61,1.69,0.27,Luis Guilherme,0.0,448,159,5,3.24,0,False,10.8,328,158,619,False,27.6,346,162,139,,None,50,335,214,p577114,0,0,None,0,,577114.jpg,1.0,372,174,0,30,False,0,0.0,Lira dos Santos,0.1,584,234,False,None,1,0.65,a,19,21,2024-06-14,32.0,285,153,12,0,0,0,0,0.0,2.4,L.Guilherme,0
0,2004-09-05,0,0,True,True,None,None,0,0,490885,None,,0,0,0,0,0.0,523,205,0,None,,0,3,1.5,None,0,0.00,0,0.00,0,0.00,0.00,0,0,George,0.0,233,26,0,0,0,False,0.0,527,205,620,False,0.0,527,205,0,,None,45,454,247,p490885,0,0,None,0,,490885.jpg,0.0,530,206,0,241,False,0,0,Earthy,0.2,434,138,False,None,0,0,a,19,21,2023-07-14,0.0,504,197,0,0,0,0,0,0.0,0.0,Earthy,0
0,2000-05-13,0,38,True,True,None,None,0,0.0,229384,None,,0,0,0,0,26.5,314,163,0,None,,0,3,1.5,None,0,0.12,0.07,0.25,0.14,0.13,4.48,2.5,0.07,Andy,0.0,181,6,4,2.24,0,False,8.1,338,163,621,False,37.6,340,157,161,,None,45,402,227,p229384,0,0,None,0,,229384.jpg,0.9,380,180,0,243,False,0,0.0,Irving,0.3,357,112,False,None,1,0.56,a,19,21,2023-08-31,17.0,307,161,9,0,0,0,0,0.0,2.0,Irving,2
0,2006-02-18,0,13,True,True,None,None,0,0.0,518442,None,,0,0,0,0,27.6,311,162,0,None,,0,3,1.5,None,0,0.04,0.08,0.07,0.14,0.03,1.23,2.36,0.06,Lewis,0.0,256,39,1,1.91,0,False,4.0,358,169,622,False,6.4,369,173,47,,None,45,477,260,p518442,0,0,None,0,,518442.jpg,1.0,356,161,0,241,False,0,0.0,Orford,0.2,462,153,False,None,0,0.0,a,19,21,2022-11-01,6.0,330,171,2,0,0,0,0,0.0,0.4,Orford,0
0,2003-09-12,0,0,True,True,None,None,0,0,490142,None,,0,0,0,0,0.0,521,204,0,None,,0,3,1.5,None,0,0.00,0,0.00,0,0.00,0.00,0,0,Freddie,0.0,229,24,0,0,0,False,0.0,525,204,623,False,0.0,525,204,0,,None,45,450,245,p490142,0,0,None,0,,490142.jpg,0.0,528,205,0,241,False,0,0,Potts,0.7,219,72,False,None,0,0,a,19,21,2021-12-08,0.0,502,196,0,0,0,0,0,0.0,0.0,Potts,0
11,1996-12-20,21,678,True,True,None,None,8,0.24,178186,None,,0,0,0,0,737.8,27,1,0,4,,0,4,3.0,None,0,6.47,0.2,15.07,0.46,8.60,51.12,1.55,0.26,Jarrod,0.0,647,65,50,1.51,13,False,271.9,8,3,624,False,903.0,15,3,2974,,None,80,12,5,p178186,0,0,2,0,,178186.jpg,5.7,6,3,0,241,False,0,0.0,Bowen,20.6,14,3,False,None,34,1.03,a,19,21,2020-01-31,1081.0,7,5,193,0,0,0,0,0.0,24.1,Bowen,1
2,1993-02-09,3,152,True,True,None,None,2,0.23,91889,None,,0,0,0,0,173.3,191,19,0,None,,0,4,2.5,None,0,0.47,0.05,2.61,0.3,2.14,14.22,1.63,0.25,Niclas,0.0,555,44,18,2.07,3,False,56.8,224,23,625,False,187.2,260,22,783,,None,60,77,22,p91889,0,0,None,0,,91889.jpg,2.3,213,21,0,80,False,0,0.0,Füllkrug,1.2,168,31,False,None,6,0.69,a,19,21,2024-08-05,221.0,135,25,42,0,0,0,0,0.0,7.0,Füllkrug,2
0,2004-11-28,0,0,True,True,None,None,0,0,565431,None,,0,0,0,0,0.0,562,46,0,None,,0,4,1.5,None,0,0.00,0,0.00,0,0.00,0.00,0,0,Callum,0.0,285,13,0,0,0,False,0.0,566,46,626,False,0.0,566,46,0,,None,45,506,61,p565431,0,0,None,0,,565431.jpg,0.0,567,46,0,242,False,0,0,Marshall,1.0,191,36,False,None,0,0,a,19,21,2023-09-26,0.0,545,46,0,0,0,0,0,0.0,0.0,Marshall,0
0,1997-04-13,0,0,True,True,None,None,0,0,158534,None,,0,0,0,0,0.0,485,200,0,None,,0,2,2.4,None,0,0.00,0,0.00,0,0.00,0.00,0,0,Kyle,0.0,153,99,0,0,0,False,0.0,491,201,659,False,0.0,491,201,0,,None,45,374,79,p158534,0,0,None,0,,158534.jpg,0.0,494,201,0,241,False,0,0,Walker-Peters,0.3,364,145,False,None,0,0,a,19,21,2025-07-20,0.0,464,199,0,0,0,0,0,0.0,0.0,Walker-Peters,0
0,1993-03-25,0,42,True,True,None,None,0,0.0,101982,None,,0,0,0,0,10.0,346,14,0,None,,0,1,1.8,None,0,0.00,0.0,0.00,0.0,0.00,12.98,1.85,0.0,Sam,0.0,137,48,17,2.43,0,False,20.4,304,21,627,False,193.8,256,21,630,,None,45,358,20,p101982,0,0,None,0,,101982.jpg,1.7,279,27,0,241,False,23,3.29,Johnstone,0.2,448,60,False,None,7,1.0,a,20,39,2024-08-30,0.0,460,50,12,0,0,0,0,0.0,2.7,Johnstone,0
0,1993-01-17,4,305,True,True,None,None,7,0.24,149065,None,,0,0,0,0,30.0,307,2,0,None,,0,1,1.8,None,0,0.01,0.0,0.01,0.0,0.00,42.22,1.46,0.0,José,0.0,148,50,48,1.66,0,False,63.4,214,13,628,False,603.4,88,14,2610,,None,45,369,22,p149065,0,0,None,2,,149065.jpg,3.2,117,17,0,173,False,71,2.45,Malheiro de Sá,2.6,108,19,False,None,29,1.0,a,20,39,2021-07-15,0.0,461,51,93,0,0,0,0,0.0,20.7,José Sá,2
0,1993-07-13,1,29,True,True,None,None,1,0.5,79602,None,,0,0,0,0,0.0,383,23,0,None,,0,1,0.5,None,0,0.00,0.0,0.00,0.0,0.00,3.01,1.5,0.0,Daniel,0.0,7,6,4,2.0,0,False,6.0,350,26,629,False,60.0,323,26,180,,None,40,547,37,p79602,0,0,None,0,,79602.jpg,4.5,18,1,0,241,False,8,4.0,Bentley,1.1,176,25,False,None,2,1.0,a,20,39,2023-01-25,0.0,349,8,9,0,0,0,0,0.0,2.2,Bentley,0
0,1995-03-09,0,3,True,True,None,None,0,0.0,138001,None,,0,0,0,0,0.0,391,30,0,None,,0,1,0.5,None,0,0.00,0.0,0.00,0.0,0.00,0.14,12.6,0.0,Tom,0.0,17,13,0,0.0,0,False,0.0,402,40,630,False,0.0,402,40,1,,None,40,557,44,p138001,0,0,None,0,,138001.jpg,1.0,337,28,0,244,False,0,0.0,King,3.8,83,15,False,None,0,0.0,a,20,39,2023-07-03,0.0,357,15,1,0,0,0,0,0.0,0.2,King,0
0,1997-06-17,1,223,True,True,None,None,4,0.26,516939,None,,0,0,0,0,57.3,269,95,0,5,,0,2,1.4,None,0,0.32,0.02,1.22,0.08,0.90,23.12,1.48,0.06,Emmanuel,0.0,254,152,22,1.4,1,False,52.0,236,71,631,False,395.2,160,55,1410,,None,45,475,132,p516939,0,0,None,0,,516939.jpg,2.8,156,49,0,54,False,0,0.0,Agbadou,0.4,320,121,False,None,16,1.02,a,20,39,2025-01-09,67.0,248,84,45,0,0,0,0,0.0,10.0,Agbadou,3
1,1992-01-16,4,307,True,True,None,None,6,0.26,87835,None,,0,0,0,0,179.9,187,45,0,None,,0,2,1.4,None,0,1.24,0.05,2.36,0.1,1.12,32.68,1.4,0.05,Matt,0.0,133,85,38,1.62,2,False,81.8,164,49,632,False,502.2,125,43,2105,,None,45,354,65,p87835,1,0,None,0,,87835.jpg,2.5,179,59,0,104,False,0,0.0,Doherty,0.2,419,169,False,None,25,1.07,a,20,39,2023-07-20,135.0,192,52,75,0,0,0,0,0.0,16.7,Doherty,6
0,2002-09-18,0,0,True,True,None,None,0,0,490721,None,,0,0,0,0,0.0,522,211,0,None,,0,2,1.4,None,0,0.00,0,0.00,0,0.00,0.00,0,0,Hugo,0.0,231,146,0,0,0,False,0.0,526,212,633,False,0.0,526,212,0,,None,45,452,126,p490721,0,0,None,0,,490721.jpg,0.0,529,212,0,200,False,0,0,Bueno López,0.1,514,196,False,None,0,0,a,20,39,2021-01-29,0.0,503,211,0,0,0,0,0,0.0,0.0,H.Bueno,0
0,2001-05-02,0,24,True,True,None,None,0,0.0,501837,None,,0,0,0,0,27.3,312,118,0,None,,0,2,1.4,None,0,0.03,0.01,0.36,0.08,0.33,5.63,1.15,0.07,Yerson,0.0,248,150,12,2.45,0,False,16.0,312,112,634,False,110.2,300,107,441,,None,45,469,130,p501837,0,0,None,0,,501837.jpg,0.6,392,141,0,48,False,0,0.0,Mosquera Valdelamar,0.1,545,206,False,None,5,1.02,a,20,39,2021-06-17,21.0,301,112,3,0,0,0,0,0.0,0.7,Mosquera,2
0,2003-07-07,0,183,True,True,None,None,1,0.11,483081,None,,0,0,0,0,180.2,186,44,0,None,,0,2,1.4,None,0,0.87,0.1,1.59,0.18,0.72,16.09,1.82,0.08,Rodrigo,0.0,223,142,20,2.27,2,False,47.6,243,77,635,False,186.6,262,97,794,,None,45,444,122,p483081,0,0,None,0,,483081.jpg,1.7,281,99,0,173,False,0,0.0,Martins Gomes,0.1,501,192,False,None,7,0.79,a,20,39,2024-07-01,113.0,211,63,42,0,0,0,0,0.0,9.3,R.Gomes,0
0,1998-11-09,2,174,True,True,None,None,5,0.27,231480,None,,0,0,0,0,15.8,330,122,0,None,,0,2,1.4,None,0,0.10,0.01,0.55,0.03,0.45,29.40,1.58,0.02,Santiago,0.0,185,125,34,1.82,0,False,44.2,250,81,636,False,345.4,182,65,1678,,None,45,406,105,p231480,0,0,None,0,,231480.jpg,1.8,269,96,0,230,False,0,0.0,Ignacio Bueno,0.1,570,210,False,None,18,0.97,a,20,39,2023-08-31,80.0,238,78,52,0,0,0,0,0.0,11.6,S.Bueno,2
1,1999-01-16,8,370,True,True,None,None,8,0.28,510362,None,,0,0,0,0,144.2,208,59,0,None,,0,2,1.4,None,0,0.60,0.02,1.33,0.05,0.73,41.65,1.43,0.03,Toti,0.0,251,151,45,1.55,0,False,86.5,153,44,637,False,617.2,81,29,2613,,None,45,472,131,p510362,0,0,None,0,,510362.jpg,2.5,182,62,0,173,False,0,0.0,Gomes,0.2,423,173,False,None,30,1.03,a,20,39,2022-01-14,102.0,219,69,79,0,0,0,0,0.0,17.6,Toti,7
0,2002-01-18,0,0,True,True,None,None,0,0,441271,None,,0,0,0,0,0.0,415,157,0,None,,0,2,0.5,None,0,0.00,0,0.00,0,0.00,0.00,0,0,Ki-Jana,0.0,46,25,0,0,0,False,0.0,425,159,638,False,0.0,425,159,0,,None,40,586,166,p441271,0,0,None,0,,441271.jpg,0.0,428,159,0,152,False,0,0,Hoever,1.1,182,61,False,None,0,0,a,20,39,2020-09-19,0.0,384,150,0,0,0,0,0,0.0,0.0,Hoever,0
0,2006-03-19,0,0,False,True,0,None,0,0,560248,None,,0,0,0,0,0.0,462,187,0,None,,0,2,0.0,None,0,0.00,0,0.00,0,0.00,0.00,0,0,Bastien,0.0,101,61,0,0,0,False,0.0,471,188,639,False,0.0,471,188,0,On loan to FC Alverca,2025-07-23T18:49:36.204721Z,40,641,202,p560248,0,0,None,0,,560248.jpg,0.0,474,188,0,73,False,0,0,Meupiyou Menadjou,0.3,362,144,False,None,0,0,u,20,39,2024-08-29,0.0,436,183,0,0,0,0,0,0.0,0.0,Meupiyou,0
0,2006-07-01,0,9,True,True,None,None,0,0.0,641221,None,,0,0,0,0,34.8,298,111,0,None,,0,2,0.5,None,0,0.10,0.13,0.16,0.21,0.06,0.77,1.0,0.08,Pedro,0.0,123,80,2,2.61,0,False,6.9,346,126,640,False,23.4,350,129,69,,None,40,663,221,p641221,0,0,None,0,,641221.jpg,0.7,389,139,0,30,False,0,0.0,Cardoso de Lima,1.5,149,49,False,None,1,1.3,a,20,39,2024-07-02,11.0,319,120,2,0,0,0,0,0.0,0.5,Pedro Lima,0
0,None,0,3,True,True,None,None,0,0.0,517179,None,,0,0,0,0,0.0,447,175,0,None,,0,2,0.5,None,0,0.00,0.0,0.00,0.0,0.00,0.00,0.0,0.0,Alfie,0.0,85,48,0,0.0,0,False,0.0,457,177,641,False,0.0,457,177,1,,None,40,625,189,p517179,0,0,None,0,,517179.jpg,1.0,344,124,0,None,False,0,0.0,Pond,2.3,122,41,False,None,0,0.0,a,20,39,None,0.0,421,171,1,0,0,0,0,0.0,0.2,Pond,0
1,1996-01-26,0,130,True,True,None,None,0,0.0,184754,None,,0,0,0,0,72.7,257,144,0,None,,0,3,1.6,None,0,0.35,0.05,1.14,0.16,0.79,12.57,1.75,0.11,Hwang,0.0,564,231,19,2.65,2,False,26.7,289,144,642,False,111.6,298,145,646,,None,60,86,61,p184754,0,0,1,0,,184754.jpg,1.8,277,128,0,114,False,0,0.0,Hee-chan,0.2,406,126,False,None,5,0.7,a,20,39,2022-07-01,84.0,234,130,37,0,0,0,0,0.0,6.2,Hee Chan,0
0,2001-07-16,1,436,True,True,None,None,7,0.25,509291,None,,0,0,0,0,285.5,128,89,0,None,,0,3,1.5,None,0,0.52,0.02,0.93,0.03,0.41,40.79,1.49,0.01,André,0.0,537,213,46,1.67,0,False,69.7,196,104,643,False,383.2,166,78,2472,,None,55,190,122,p509291,0,0,None,0,,509291.jpg,1.8,276,127,0,30,False,0,0.0,Trindade da Costa Neto,0.1,546,202,False,None,31,1.13,a,20,39,2024-08-30,30.0,289,155,61,0,0,0,0,0.0,11.1,André,7
7,1998-06-27,5,332,True,True,None,None,6,0.32,231057,4,,0,0,0,0,422.8,84,66,0,4,,0,3,1.5,None,0,2.74,0.15,4.20,0.23,1.46,26.55,1.43,0.08,Jean-Ricner,0.0,499,191,31,1.67,2,False,97.2,132,80,644,False,355.6,176,82,1666,,None,55,152,100,p231057,0,0,None,0,,231057.jpg,2.6,176,76,0,73,False,0,0.0,Bellegarde,0.1,519,186,False,None,20,1.08,a,20,39,2023-09-01,200.0,151,99,90,0,0,0,0,0.0,16.4,Bellegarde,3
0,2004-05-24,0,0,True,True,None,None,0,0,643135,None,,0,0,0,0,0.0,655,295,0,None,,0,3,1.5,None,0,0.00,0,0.00,0,0.00,0.00,0,0,Fer,0.0,553,224,0,0,0,False,0.0,655,295,645,False,0.0,655,295,0,,None,55,206,133,p643135,0,0,None,0,,643135.jpg,0.0,655,295,0,200,False,0,0,López González,0.1,589,239,False,None,0,0,a,20,39,2025-06-20,0.0,654,294,0,0,0,0,0,0.0,0.0,Fer López,0
1,2001-02-12,7,489,True,True,None,None,6,0.18,448089,None,,0,0,0,0,428.9,82,65,0,None,,0,3,1.5,None,0,2.61,0.08,5.55,0.17,2.94,49.50,1.5,0.09,João Victor,0.0,519,203,59,1.78,3,False,117.3,110,68,646,False,513.4,120,52,2975,,None,55,172,112,p448089,0,0,None,0,,448089.jpg,2.4,199,87,1,30,False,0,0.0,Gomes da Silva,0.2,468,158,False,None,35,1.06,a,20,39,2023-01-30,231.0,130,86,87,0,0,0,0,0.0,15.8,Gomes,9
4,1996-11-29,2,187,True,True,None,None,3,0.28,181284,None,,0,0,0,0,213.9,163,113,0,None,,0,3,1.5,None,0,0.92,0.08,4.20,0.38,3.28,18.83,1.73,0.3,Gonçalo Manuel,0.0,477,176,25,2.3,2,False,64.0,212,112,647,False,215.8,237,114,979,,None,55,130,85,p181284,0,0,None,0,,181284.jpg,2.1,234,104,0,173,False,0,0.0,Ganchinho Guedes,0.1,586,236,False,None,10,0.92,a,20,39,2022-08-08,217.0,140,92,62,0,0,0,0,0.0,11.3,Guedes,1
2,1996-06-22,4,134,True,True,None,None,5,0.42,433312,None,,0,0,0,0,132.9,213,131,0,None,,0,3,1.5,None,0,1.08,0.09,4.39,0.37,3.32,14.59,1.22,0.28,Marshall,0.0,510,198,11,0.92,2,False,52.3,235,125,648,False,176.8,267,124,1077,,None,55,163,107,p433312,0,0,None,0,,433312.jpg,3.6,76,37,0,239,False,0,0.0,Munetsi,0.1,577,228,False,None,12,1.0,a,20,39,2025-02-03,212.0,142,94,50,0,0,0,0,0.0,9.1,Munetsi,0
0,2001-08-20,0,3,False,True,0,None,0,0.0,476502,None,,0,0,0,0,0.0,614,264,0,None,,0,3,0.0,None,0,0.00,0.0,0.00,0.0,0.00,0.00,0.0,0.0,Boubacar,0.0,416,135,0,0.0,0,False,0.4,383,180,649,False,4.0,378,177,1,Has joined FC Metz on loan for the rest of the season.,2025-07-25T14:53:52.740212Z,50,303,190,p476502,0,0,None,0,,476502.jpg,1.0,371,173,0,132,False,0,0.0,Traoré,0.1,571,222,False,None,0,0.0,u,20,39,2023-07-01,0.0,607,261,1,0,0,0,0,0.0,0.2,B.Traore,0
0,2003-10-12,0,0,True,True,None,None,0,0,497606,None,,0,0,0,0,0.0,531,212,0,None,,0,3,0.5,None,0,0.00,0,0.00,0,0.00,0.00,0,0,Tawanda,0.0,243,33,0,0,0,False,0.0,535,212,650,False,0.0,535,212,0,,None,45,464,254,p497606,0,0,None,0,,497606.jpg,0.0,538,213,0,239,False,0,0,Chirewa,0.3,344,108,False,None,0,0,a,20,39,2023-12-01,0.0,512,204,0,0,0,0,0,0.0,0.0,Chirewa,0
0,None,0,0,True,True,None,None,0,0,596054,None,,0,0,0,0,0.0,577,241,0,None,,0,3,0.5,None,0,0.00,0,0.00,0,0.00,0.00,0,0,Tom,0.0,306,71,0,0,0,False,0.0,581,241,651,False,0.0,581,241,0,,None,45,527,292,p596054,0,0,None,0,,596054.jpg,0.0,582,242,0,None,False,0,0,Edozie,0.3,331,106,False,None,0,0,a,20,39,None,0.0,562,236,0,0,0,0,0,0.0,0.0,Edozie,0
0,2005-01-20,0,0,True,True,None,None,0,0,593001,None,,0,0,0,0,0.0,576,240,0,None,,0,3,0.5,None,0,0.00,0,0.00,0,0.00,0.00,0,0,Enso,0.0,304,70,0,0,0,False,0.0,580,240,652,False,0.0,580,240,0,,None,45,525,291,p593001,0,0,None,0,,593001.jpg,0.0,581,241,0,168,False,0,0,González Medina,0.8,207,68,False,None,0,0,a,20,39,2023-08-31,0.0,561,235,0,0,0,0,0,0.0,0.0,Gonzalez,0
0,None,0,0,False,True,0,None,0,0,240299,None,,0,0,0,0,0.0,498,188,0,None,,0,3,0.0,None,0,0.00,0,0.00,0,0.00,0.00,0,0,Joe,0.0,191,7,0,0,0,False,0.0,502,188,653,False,0.0,502,188,0,Signed by CD Tondela,2025-07-23T18:50:21.231185Z,45,412,228,p240299,0,0,None,0,,240299.jpg,0.0,505,189,0,None,False,0,0,Hodge,1.2,172,60,False,None,0,0,u,20,39,None,0.0,477,180,0,0,0,0,0,0.0,0.0,Hodge,0
4,2000-02-06,17,570,True,True,None,None,7,0.24,247412,None,,0,0,0,0,303.4,122,13,0,None,,0,4,1.7,None,0,1.00,0.03,11.14,0.38,10.14,43.94,1.53,0.35,Jørgen,0.0,605,53,52,1.81,14,False,179.5,53,10,654,False,646.8,66,8,2587,,None,65,58,17,p247412,0,0,None,0,,247412.jpg,4.1,38,10,0,161,False,0,0.0,Strand Larsen,6.6,59,12,False,None,30,1.04,a,20,39,2025-07-01,848.0,22,10,145,0,0,0,0,0.0,22.3,Strand Larsen,4
0,2002-07-19,0,0,True,True,None,None,0,0,449988,None,,0,0,0,0,0.0,607,58,0,None,,0,4,0.9,None,0,0.00,0,0.00,0,0.00,0.00,0,0,Fábio,0.0,405,27,0,0,0,False,0.0,610,58,655,False,0.0,610,58,0,,None,50,292,44,p449988,0,0,None,0,,449988.jpg,0.0,610,58,0,173,False,0,0,Soares Silva,0.7,223,45,False,None,0,0,a,20,39,2020-09-05,0.0,600,58,0,0,0,0,0,0.0,0.0,Fábio Silva,0
0,1997-07-07,0,0,True,True,None,None,0,0,429414,None,,0,0,0,0,0.0,602,56,0,None,,0,4,0.9,None,0,0.00,0,0.00,0,0.00,0.00,0,0,Saša,0.0,394,25,0,0,0,False,0.0,605,56,656,False,0.0,605,56,0,,None,50,281,42,p429414,0,0,None,0,,429414.jpg,0.0,605,56,0,14,False,0,0,Kalajdžić,0.2,412,63,False,None,0,0,a,20,39,2022-08-31,0.0,594,56,0,0,0,0,0,0.0,0.0,Kalajdžić,0
0,None,0,0,True,True,0,None,0,0,589507,None,,0,0,0,0,0.0,573,50,0,None,,0,4,0.0,None,0,0.00,0,0.00,0,0.00,0.00,0,0,Leon,0.0,300,17,0,0,0,False,0.0,577,50,657,False,0.0,577,50,0,Knee injury - Unknown return date,2025-07-21T10:00:05.148649Z,45,521,65,p589507,0,0,None,0,,589507.jpg,0.0,578,50,0,None,False,0,0,Chiwome,0.1,601,66,False,None,0,0,i,20,39,None,0.0,557,50,0,0,0,0,0,0.0,0.0,Chiwome,0
0,None,0,0,True,True,None,None,0,0,531363,None,,0,0,0,0,0.0,540,40,0,None,,0,4,0.5,None,0,0.00,0,0.00,0,0.00,0.00,0,0,Nathan,0.0,259,7,0,0,0,False,0.0,544,40,658,False,0.0,544,40,0,,None,45,480,55,p531363,0,0,None,0,,531363.jpg,0.0,546,41,0,None,False,0,0,Fraser,3.1,101,19,False,None,0,0,a,20,39,None,0.0,523,40,0,0,0,0,0,0.0,0.0,Fraser,0
0,1997-09-21,0,0,True,True,None,None,0,0,230376,None,,0,0,0,0,0.0,637,283,0,None,,0,3,1.5,None,0,0.00,0,0.00,0,0.00,0.00,0,0,Jhon,0.0,498,190,0,0,0,False,0.0,637,283,663,False,0.0,637,283,0,,None,55,151,99,p230376,0,0,None,0,,230376.jpg,0.0,637,283,0,48,False,0,0,Arias,0.5,254,84,False,None,0,0,a,20,39,2025-07-24,0.0,634,280,0,0,0,0,0,0.0,0.0,J.Arias,0
